id,remoteId,publishedAt,text,groupId
4544,69194265938812,"2019-03-01 13:08:37","Гос номера у частников будут стоить 2000 рублей

Подробнее: https://drom.ru/s/hFJ",1
4543,69194517007228,"2019-03-01 14:24:29","КАМАЗ уже год снимает своих красивых работниц

Смотрите фото: https://drom.ru/s/few",1
4542,69194924247932,"2019-03-01 16:10:50","UAZ Patriot получил спецверсию с салатовым цветом кузова

Подробнее: https://drom.ru/s/TEg",1
4541,69195143203708,"2019-03-01 17:02:28","С обновлением Renault Duster его минимальная цена перевалила за 700 000 рублей

Подробнее: https://drom.ru/s/N5h",1
4540,69195362945916,"2019-03-01 18:02:23","Почему Hyundai не может уделать KIA? Выясняем на примере обновлённой Элантры

Читайте на сайте: https://drom.ru/s/V0Q",1
4539,69195627121532,"2019-03-01 19:01:33","#объявадня 
ЗИЛ-41047, 1988 год 
15 999 000 ₽ 
⠀ 
Всю информацию можете найти на сайте — https://drom.ru/s/Nyi",1
4538,69196573723516,"2019-03-01 23:01:21","Девушка жалуется спутнику на неполадки в своем автомобиле.",1
4537,69198987873148,"2019-03-02 12:17:18","Помните ДТП с БТРами? Вот как это было!

Смотрите видео: https://drom.ru/s/Vnq",1
4536,69201481714556,"2019-03-03 00:36:38","Чудо спасло пассажиров мопеда во Вьетнаме от верной смерти.",1
4535,69201491872636,"2019-03-03 00:39:07","Грузовое судно из Владивостока врезалось в мост в Пусане — корейские СМИ сообщают, что капитан был пьян! Судно водоизмещением 6 тысяч тонн врезалось в участок между опорами моста, получив значительные повреждения и пробив в мосту дыру размером 5 на 5 метров. Морская полиция эвакуировала аварийное судно, движение по мосту перекрыто. Никто не пострадал.",1
4534,69204410780540,"2019-03-03 17:14:52","Концерт рок-группы внутри Honda N-VAN? Загружаем гитару, басуху и ударную установку!

Читайте на сайте: https://drom.ru/s/e6w",1
4533,69204728236924,"2019-03-03 18:30:32","По Аляске на доме на колёсах до Ледовитого Океана. 3700 км за неделю

Новые заметки об автопутешествии по ссылке: https://drom.ru/s/uOU",1
4532,69205036714876,"2019-03-03 19:46:50","#объявадня 
Mercedes-Maybach S450 4MATIC, 2017 год 
8 850 000 ₽ 
⠀ 
Всю информацию можете найти на сайте — https://drom.ru/s/cah",1
4531,69205915356028,"2019-03-03 23:14:56","Tesla начала продажи бюджетной версии Model 3

Подробнее: https://drom.ru/s/drN",1
4530,69206106786684,"2019-03-03 23:59:20","Недавно мы публиковали видео из Сингапура, на котором из-за дорожного конфликта водитель грузовичка толкнул велосипедиста машиной на разделительную полосу. Вот еще одно видео из этой страны: здесь уже другие водитель грузовика и велосипедист не поделили дорогу, но в этот раз получил водитель. Похоже, у них там какая-то война.",1
4529,69208542890876,"2019-03-04 13:32:48","Toyota Crown 2014 года: сколько пришлось копить на новый автомобиль, странный спортивный режим и почему внутренняя посадка внутри неудобная. 

Читайте новый отзыв от автовладельца: https://drom.ru/s/b3L",1
4528,69209048894332,"2019-03-04 16:02:26","#объявадня 
Pontiac Firebird, 1997 год
1 000 000 ₽ 
⠀ 
Всю информацию можете найти на сайте — https://drom.ru/s/HBt",1
4527,69209279187836,"2019-03-04 17:05:30","Передний привод и бездорожье — бред. А если с электронными помощниками?

Новый тест-драйв уже на сайте: https://drom.ru/s/nz9",1
4526,69209841879932,"2019-03-04 19:26:59","Chery опубликовала цены на кроссовер Tiggo 7 в России, правда, дорестайлинговый

Смотрите по ссылке: https://drom.ru/s/4rd",1
4525,69210208619388,"2019-03-04 20:52:09","МВД хочет создать открытый реестр автомобилей

Подробнее: https://drom.ru/s/BNP",1
4524,69210738674556,"2019-03-04 23:03:30","Ford и GM одновременно сняли с производства две массовые модели

Подробнее: https://drom.ru/s/kAx",1
4523,69210985352060,"2019-03-04 23:59:35",ЖЕНЯ,1
4522,69213231598460,"2019-03-05 12:31:59","Компания Джуджаро разработала суперкар для плохих дорог

Подробнее о новинке: https://drom.ru/s/xVt",1
4521,69213337308028,"2019-03-05 13:38:22","Автомобили Volvo не смогут разгоняться свыше 180 км/ч

Подробнее: https://drom.ru/s/CNZ",1
4520,69213461105532,"2019-03-05 14:30:28","#объявадня 
Toyota Mark II, 1997 год
1 100 000 ₽ 
⠀ 
Всю информацию можете найти на сайте — https://drom.ru/s/f6x",1
4519,69213645261692,"2019-03-05 15:30:19","Skoda Kodiaq 2018 года: почему автор всё же выбрал семиместный кроссовер, а не недорогой B-класс, подробности о комплектации Active и 15 минусов Кодиака. 

Читайте новый отзыв от автовладельца: https://drom.ru/s/gyq",1
4518,69213858515836,"2019-03-05 16:35:09","Карлоса Гона выпустят на свободу. Пока временно

Подробнее: https://drom.ru/s/q3h",1
4517,69214053944188,"2019-03-05 17:30:30","Тестируем ОСАГО. Все те же «допы» и проблемы с электронным полисом. Но стало лучше

Читайте на сайте: https://drom.ru/s/nZ0",1
4516,69215261838204,"2019-03-05 23:24:02","В Новой Зеландии водитель старенького заднеприводного седана Ford Falcon решил повыпендриваться на перекрёстке, но... Обязательно смотрите видео до конца.",1
4515,69217562020732,"2019-03-06 12:22:29","Lamborghini привезла в Женеву самый мощный в истории Aventador SVJ Roadster

Подробнее: https://drom.ru/s/c4i",1
4514,69217685162876,"2019-03-06 13:37:37","Bugatti привезла в Женеву уникальный гиперкар с космическим ценником

Подробнее: https://drom.ru/s/Ih3",1
4513,69217996655484,"2019-03-06 15:28:47","Европейцам показали главное достижение русского автопрома

Подробнее: https://drom.ru/s/VbJ",1
4512,69218207615868,"2019-03-06 16:32:31","Начинка гибридов и электромобилей: разбираем все детали

Читайте новую статью на сайте: https://drom.ru/s/Tkg",1
4511,69218657389436,"2019-03-06 18:45:24","Reuters: два завода по производству Фордов закроются в России

Подробнее: https://drom.ru/s/FAK",1
4510,69219224210300,"2019-03-06 21:17:50","CX-30 — новый глобальный кроссовер от Mazda

Все подробности о новинке: https://drom.ru/s/VXN",1
4509,69219387460476,"2019-03-06 22:01:59","#объявадня 
Lexus LX570, 2012 год
4 150 000 ₽ 
⠀ 
Всю информацию можете найти на сайте — https://drom.ru/s/2hR",1
4508,69219648293756,"2019-03-06 23:06:11","Владивостокская таможня перестанет оформлять автомобили иногородних покупателей в конце марта

Подробнее: https://drom.ru/s/Czi",1
4507,69219851783036,"2019-03-06 23:59:51","В США прошли соревнования по триалу на монстр-траках. Нам эта культура, конечно, чужда, но посмотрите, что вытворял победитель этих соревнований в зачете «Фристайл» по имени Дизель Дейв.",1
4506,69222428068732,"2019-03-07 12:55:28","Гиперкар Koenigsegg Jesko стал прижизненным памятником отцу основателя компании

Подробнее: https://drom.ru/s/Qrn",1
4505,69222707448700,"2019-03-07 14:26:26","Hyundai Sonata со сменой поколений кардинально сменила стиль

Подробнее: https://drom.ru/s/LFc",1
4504,69222957271932,"2019-03-07 15:30:28","Авторынок в феврале: внезапный спад

Читайте на сайте: https://drom.ru/s/DeO",1
4503,69223234816892,"2019-03-07 16:30:43","В Россию придёт всего 22 экземпляра Toyota Supra

Подробнее: https://drom.ru/s/wJR",1
4502,69223548210044,"2019-03-07 17:30:26","Народное ретро. Nissan Laurel C33 1989 года. «Корчевать» или реставрировать…

Читать: https://drom.ru/s/PAV",1
4501,69224105266044,"2019-03-07 19:23:08","Nissan Terrano 2018 года: три месяца активной эксплуатации, стоит  ли ездить на Террано в гололёд и при какой температуре автомобиль отказывается заводиться.

Читайте новый отзыв от автовладельца: https://drom.ru/s/lLK",1
4500,69225293368188,"2019-03-07 23:57:16","В гостях у «дяди Васи». Женщины и гаражный сервис — совместимы?

Читайте на сайте: https://drom.ru/s/Zml",1
4499,69225993620348,"2019-03-08 02:01:17","В Харькове, Украина, не поделили дорогу... два трамвая. Да, бывает и такое.",1
4498,69228054268796,"2019-03-08 10:45:38","Дорогие дамы! Аминистрация сайта drom.ru поздравляет вас с Международым женским днём! Желаем много любви, счастья, весеннего тепла и удачи на дороге!

И пусть, если вас и останавливают сотрудники ДПС, то только для того, чтобы признаться в любви.

С праздником!",1
4497,69228564204412,"2019-03-08 13:44:39","Санкции угрожают проекту «ГАЗели-Next» с турбодизелем Volkswagen

Подробнее: https://drom.ru/s/6iL",1
4496,69234115038076,"2019-03-09 15:04:10","#объявадня 
Mitsubishi Lancer Evolution, 2000 год 
3 990 000 ₽ 
⠀ 
Всю информацию можете найти на сайте — https://drom.ru/s/UFS",1
4495,69235282758524,"2019-03-09 20:14:28","Новейший Тойота Краун. Одна модель и три силовых агрегата на тест-драйве

Читайте на сайте: https://drom.ru/s/gCJ",1
4494,69236112968572,"2019-03-09 23:51:47","Автопутешествие по Западной Украине на российских номерах

Читайте об этом автопутешествии по ссылке: https://drom.ru/s/l06",1
4493,69239856122748,"2019-03-10 17:14:22","Фоторепортаж: 28-я Олдтаймер-галерея в Москве

Смотрите все фото: https://drom.ru/s/MdS",1
4492,69241226152828,"2019-03-10 21:41:02","#объявадня 
ЗАЗ Запорожец, 1987 год 
1 000 000 ₽ 
⠀ 
Всю информацию можете найти на сайте — https://drom.ru/s/ZWf",1
4491,69241809292156,"2019-03-10 23:47:26","Пешеход разыграл случайного водителя: во время перехода дороги он изобразил, что перешагивает через какое-то препятствие, чем немало озадачил автомобилиста.",1
4490,69244383218556,"2019-03-11 14:25:28","Audi показала в Женеве закамуфлированный электрокар E-tron Sportback

Подробнее о новинке: https://drom.ru/s/6uT",1
4489,69244572814204,"2019-03-11 15:32:09","Воспоминания о перегонах начала 2000-х

Читайте по ссылке: https://drom.ru/s/4zT",1
4488,69244761099132,"2019-03-11 16:30:50","Сколько спортивных Вест продали за первый месяц?

Смотрите ответ: https://drom.ru/s/5MN",1
4487,69245058370428,"2019-03-11 17:54:40","Топ-10 иномарок по скорости гниения

Смотрите список: https://drom.ru/s/Tdf",1
4486,69245574859644,"2019-03-11 20:20:54","На загородной трассе под Владивостоком перевернулся ЗРПК «Панцирь-С»

Фото и подробности: https://drom.ru/s/pGY",1
4485,69246127065980,"2019-03-11 22:51:13","Кабриолет Volkswagen Beetle с автографом Путина передали на благотворительность

Подробнее: https://drom.ru/s/cUI",1
4484,69246263315324,"2019-03-11 23:30:25","Tesla опубликовала изображение кроссовера Model Y

Подробнее: https://drom.ru/s/Cgn",1
4483,69246371384188,"2019-03-11 23:59:20","В Харькове водитель трамвая нашла действенный метод борьбы с зацеперами.",1
4482,69248481119100,"2019-03-12 12:13:59","Tesla повышает стоимость своих автомобилей

Подробнее: https://drom.ru/s/LpO",1
4481,69248622152572,"2019-03-12 13:40:40","Обновлённая Hyundai Elantra: начались продажи в России

Подробнее: https://drom.ru/s/eg3",1
4480,69249098140540,"2019-03-12 15:58:40","Renault Duster для Индии обновят серьёзнее, чем для России

Подробнее: https://drom.ru/s/yex",1
4479,69249399933820,"2019-03-12 17:27:52","Новая Гранта Спорт: сроки и планы

Читайте на сайте: https://drom.ru/s/Ojo",1
4478,69249636846460,"2019-03-12 18:31:52","#объявадня 
Nissan 350Z, 2005 год
1 100 000 ₽ 
⠀ 
Всю информацию можете найти на сайте — https://drom.ru/s/SP7",1
4477,69250147634044,"2019-03-12 20:55:09","Как заработать на автомобиле: пять способов

Читайте по ссылке: https://drom.ru/s/OiW",1
4476,69250576173948,"2019-03-12 22:50:42","Acura обзаведется спортивным седаном и купеобразным кроссовером

Подробнее: https://drom.ru/s/Aie",1
4475,69250836614012,"2019-03-12 23:51:14","Героическая буксировка автомобиля.",1
4474,69253141842812,"2019-03-13 12:59:19","Чем Сердюков планировал заменить УАЗы в армии?

Смотрите фото редкого прототипа: https://drom.ru/s/J4Y",1
4473,69253275470716,"2019-03-13 14:01:29","Депутаты предлагают отменить транспортный налог. Опять

Подробнее: https://drom.ru/s/uTE",1
4472,69253598301052,"2019-03-13 15:40:38","Ретротест VW Passat B2. Он всё ещё едет 120 км/ч!

Читайте на сайте: https://drom.ru/s/vH5",1
4471,69253806902140,"2019-03-13 16:41:57","Mitsubishi Outlander 2018 года: почему этот автомобиль лучше Mazda СХ-4, советы по общению с автодилерами и как наживаются страховые компании при ремонте по ОСАГо.

Читайте новый отзыв от автовладельца: https://drom.ru/s/aYO",1
4470,69253950884732,"2019-03-13 17:24:18","Сверхдлинные фургоны и микроавтобусы «ГАЗель Next» появилась в продаже

Цены, фото и подробности: https://drom.ru/s/yGK",1
4469,69254180064124,"2019-03-13 18:31:44","Русские мотоциклы УРАЛ в Японии: кто их покупает и сколько они стоят?

Смотрите новое видео на канале Drom Fun: https://drom.ru/s/h4V",1
4468,69254379948924,"2019-03-13 19:30:24","#объявадня 
BMW M2, 2016 год 
2 900 000 ₽ 
⠀ 
Всю информацию можете найти на сайте — https://drom.ru/s/zab",1
4467,69255360695164,"2019-03-13 23:30:39","Камера наружного наблюдения на одной из набережной в Китае запечатлела, как автомобиль удрал от хозяина, чтобы хорошенько помыться.",1
4466,69257824062332,"2019-03-14 13:33:25","Это фиаско: Infiniti покидает рынки стран Западной Европы

Подробнее: https://drom.ru/s/IYb",1
4465,69258004024188,"2019-03-14 14:34:38","Toyota привезла в Россию внедорожники Land Cruiser 200 и Land Cruiser Prado в тюнинге TRD

Подробнее: https://drom.ru/s/twM",1
4464,69258152332156,"2019-03-14 15:23:18","Всем старым машинам без ведома владельца присвоят экологический класс

Подробнее: https://drom.ru/s/26H",1
4463,69258301033340,"2019-03-14 16:01:54","У нового Chevrolet Corvette C8 под нагрузкой ведёт кузов

Подробнее: https://drom.ru/s/uiP",1
4462,69258544696188,"2019-03-14 17:02:22","В Калуге наладят производство турбомоторов Volkswagen

Подробнее: https://drom.ru/s/Ymz",1
4461,69258735733628,"2019-03-14 18:01:46","В поисках идеального кроссовера: Forester, X-Trail, Tucson

Читайте на сайте: https://drom.ru/s/ttg",1
4460,69258946104188,"2019-03-14 19:02:15","Mazda готовит сюрприз фанатам роторных двигателей

Подробнее: https://drom.ru/s/rFe",1
4459,69259150183292,"2019-03-14 20:01:25","#объявадня 
BMW i8, 2016 год 
4 890 000 ₽ 
⠀ 
Всю информацию можете найти на сайте — https://drom.ru/s/pQ1",1
4458,69259780770684,"2019-03-14 22:52:51","За отсутствие ОСАГО штраф будет приходить с каждой камеры, зафиксировавшей автомобиль

Подробнее: https://drom.ru/s/RUI",1
4457,69259985898364,"2019-03-14 23:45:19","Тот случай, когда ДТП произошло буквально на ровном месте.",1
4456,69262519978876,"2019-03-15 13:46:38","Opel рассказал, какие модели будет предлагать в России после возвращения

Подробнее: https://drom.ru/s/2Sl",1
4455,69262681721724,"2019-03-15 14:45:40","ГАЗ знакомит дилеров с новым «Садко» Next. Скоро серия

Подробнее: https://drom.ru/s/jME",1
4454,69262906510204,"2019-03-15 15:58:30","Новая Tesla Model Y: линейка Теслы стала SEXY

Все подробности о новинке: https://drom.ru/s/fCd",1
4453,69262952254332,"2019-03-15 16:11:17","Архангельск, Россия. Водитель машины, из которой сделана съемка, не скупится на выражения, но, в общем, его понять можно.",1
4452,69263314275196,"2019-03-15 18:01:38","Блог Лада Веста Кросс. Не дождавшись ремонта после ДТП, попали в новое :-( 

Читайте новый пост на сайте: https://drom.ru/s/0M1",1
4451,69263525235580,"2019-03-15 19:02:12","Skoda Kodiaq 2018 года: минусы конкурентов, выбор комплектации и почему система экстренного торможения может сыграть злую шутку.

Читайте новый отзыв от автовладельца: https://drom.ru/s/zWT",1
4450,69263749630844,"2019-03-15 20:01:39","#объявадня 
Mercedes-Benz W140 S500 Guard, 1997 год 
1 100 000 ₽ 
⠀ 
Всю информацию можете найти на сайте — https://drom.ru/s/tFZ",1
4449,69267386944380,"2019-03-16 15:44:11","СМИ: под брендом Aurus выпустят ещё и вертолет

Подробнее: https://drom.ru/s/hIF",1
4448,69267557993340,"2019-03-16 16:30:25","Турбированная версия Geely Atlas стоит меньше 1,5 млн рублей

Подробнее: https://drom.ru/s/n0Q",1
4447,69267790515068,"2019-03-16 17:31:23","Топ-30 бестселлеров на крупнейших автомобильных рынках планеты

Смотрите список: https://drom.ru/s/oeC",1
4446,69268256344956,"2019-03-16 19:37:31","Подсчитано количество «праворулек» в России

Смотрите ответ по ссылке: https://drom.ru/s/5fA",1
4445,69272741301116,"2019-03-17 18:37:06","Немцы о Ладе 4х4 Урбан: «двойка с минусом», но...

Читайте на сайте: https://drom.ru/s/xGw",1
4444,69273520065404,"2019-03-17 21:57:38","Функция открытия багажника с ноги в немецкой и советской машинах.",1
4443,69276314454908,"2019-03-18 13:28:22","В Москве открылся ещё один автомобильный музей

Все фото смотрите по ссылке: https://drom.ru/s/d55",1
4442,69276483472252,"2019-03-18 14:30:20","Лада Веста Кросс 2018 года: история покупки автомобиля для отца, проблемы с резиной в межсезонье и почему выбор машины похож на выбор жены.

Читайте новый отзыв от автовладельца: https://drom.ru/s/2q2",1
4441,69276782513020,"2019-03-18 16:02:29","Зачем покупать английский кроссовер, а не японский внедорожник? Тестируем новый Evoque

Читайте по ссылке: https://drom.ru/s/Jbq",1
4440,69277229730684,"2019-03-18 18:17:27","Росгвардия испытывает Весты с тепловизорами

Подробнее: https://drom.ru/s/cQG",1
4439,69277491022716,"2019-03-18 19:30:04","В России подсчитали количество электромобилей

Ответ смотрите по ссылке: https://drom.ru/s/yg3",1
4438,69277893151612,"2019-03-18 21:27:15","Эксклюзив: план производства Lada Vesta на весь текущий год

Читайте на сайте: https://drom.ru/s/fEa",1
4437,69278491036540,"2019-03-19 00:12:06","Ещё один способ оперирования крышкой багажника ногой. На сей раз — более изящный, но и машина более современная — Веста.",1
4436,69280492702588,"2019-03-19 12:18:34","ГЛОНАСС всё-таки следит: в России создадут систему «Автодата»

Подробнее: https://drom.ru/s/KCs",1
4435,69280616106876,"2019-03-19 13:16:24","Nissan Leaf стал первым электромобилем, преодолевшим рубеж в 400 000 экземпляров

Подробнее: https://drom.ru/s/Lbf",1
4434,69280915540860,"2019-03-19 15:07:24","Nissan раскрыл цены обновлённого кроссовера Qashqai для России

Подробности по ссылке: https://drom.ru/s/53Y",1
4433,69281132006268,"2019-03-19 16:05:44","#объявадня 
Chrysler New Yorker, 1956 год 
2 990 000 ₽ 
⠀ 
Всю информацию можете найти на сайте — https://drom.ru/s/sP5",1
4432,69281349979004,"2019-03-19 17:11:23","На платных трассах в России стали часто сбивать шлагбаумы. «Автодор» грозит лишением прав

Подробнее: https://drom.ru/s/aXQ",1
4431,69282492926844,"2019-03-19 22:43:44","12 типично женских ошибок за рулем

Читать: https://drom.ru/s/ji6",1
4430,69285289937788,"2019-03-20 14:51:24","Объявлены цены обновлённого седана Subaru Legacy

Подробнее: https://drom.ru/s/QrS",1
4429,69285589633916,"2019-03-20 16:02:57","Из «ГАЗели» Next сделали вездеход за 3,2 млн рублей

Подробнее об этом авто: https://drom.ru/s/yjp",1
4428,69285812783996,"2019-03-20 17:11:04","Honda Accord седьмого (CL/CM) и восьмого (CU/CW) поколений, 2002–2013 гг. Звучать по-своему!

Читайте на сайте: https://drom.ru/s/hOx",1
4427,69286104812412,"2019-03-20 18:35:14","МВД предложило оснастить автобусы трёхточечными ремнями безопасности

Подробнее: https://drom.ru/s/PrB",1
4426,69286491540348,"2019-03-20 20:20:58","В России хотят запретить продажу топлива класса ниже «Евро-5»

Подробнее: https://drom.ru/s/Ekj",1
4425,69286847073148,"2019-03-20 22:04:37","Трамвай в Токио — как это работает

Смотрите новое видео на канале Drom Fun: https://drom.ru/s/vK4",1
4424,69287067995004,"2019-03-20 23:01:21","«После ДТП уехал своим ходом», — довольно распространенная формулировка при описании состояния автомобиля, пострадавшего в аварии. Однако «уехал своим ходом» вовсе не означает его хорошей сохранности.",1
4423,69290768878460,"2019-03-21 20:08:36","Skoda Karoq будут выпускать в России. Где и когда?

 Есть ответ: https://drom.ru/s/o0E",1
4422,69291022830460,"2019-03-21 21:24:15","Босс Cadillac обещает защищать новый мотор V8 от других брендов GM ценой собственной жизни

Подробнее: https://drom.ru/s/ZZp",1
4421,69291242703740,"2019-03-21 22:27:03","Правительство хочет отказаться от контроля цен на бензин. Когда ждать подорожания?

Отвечаем: https://drom.ru/s/R9p",1
4420,69291431709564,"2019-03-21 23:27:14","Минэкономики предложило ослабить требования по локализации в автопроме

Подробнее: https://drom.ru/s/hW9",1
4419,69295073020796,"2019-03-22 20:29:43","Самые крутые авторынки России: репортаж из Грозного

Читайте на сайте: https://drom.ru/s/pHE",1
4418,69295305608060,"2019-03-22 21:38:04","Австрийцы назвали Lada Vesta SW победителем конкурса экономичности

Подробнее: https://drom.ru/s/fLr",1
4417,69295434845052,"2019-03-22 22:18:53","Китайцы разработали водородный автомобиль с запасом хода 1000 км

Подробнее: https://drom.ru/s/nzU",1
4416,69298517789564,"2019-03-23 16:25:44","В России появился Haval H9 в новой комплектации. Он дороже, чем Toyota Prado

Подробнее: https://drom.ru/s/vot",1
4415,69298637523836,"2019-03-23 17:02:52","Купеобразный кроссовер Porsche Cayenne Coupe стал ответом на BMW X6

Подробнее: https://drom.ru/s/lGG",1
4414,69302676048764,"2019-03-24 15:33:33","Самодельные автомобили в СССР: как и почему их появилось так много?

Читайте на сайте: https://drom.ru/s/N43",1
4413,69303010020220,"2019-03-24 17:02:46","В Японии нашли старый украинский ЛуАЗ

Подробнее: https://drom.ru/s/WtE",1
4412,69303414246268,"2019-03-24 18:43:11","Land Rover наконец-то засудил китайских «копипастеров»

Подробнее: https://drom.ru/s/of8",1
4411,69303978576764,"2019-03-24 21:21:01","Обновлённый гибрид BMW X1 удивит приличным запасом хода на электротяге

Подробнее: https://drom.ru/s/f9K",1
4410,69304358357884,"2019-03-24 23:04:47","Механик в автомастерской решил разыграть своего коллегу; это первый после многочасового ремонта запуск двигателя.",1
4409,69306856917884,"2019-03-25 13:48:43","Грузия. Сочиняя мечты

Читайте новые заметки о путешествии: https://drom.ru/s/ylP",1
4408,69307072007036,"2019-03-25 15:01:24","#объявадня 
Toyota Mark II, 1995 год 
1 550 550 ₽ 
⠀ 
Всю информацию можете найти на сайте — https://drom.ru/s/Xnr",1
4407,69307307412348,"2019-03-25 16:09:43","Обновлённый Nissan Qashqai. За что два миллиона?

Новый тест-драйв по ссылке: https://drom.ru/s/4r9",1
4406,69307519290236,"2019-03-25 17:11:24","За скрутку пробега предложили сажать в тюрьму

Подробнее: https://drom.ru/s/Db6",1
4405,69308350090108,"2019-03-25 21:21:44","Volkswagen представил первые автомобили своего нового бренда Jetta

Подробнее: https://drom.ru/s/w2R",1
4404,69308592180092,"2019-03-25 22:35:58","Транспортный налог предложили привязать к массе автомобиля

Подробнее: https://drom.ru/s/Wc1",1
4403,69308787805052,"2019-03-25 23:27:37","Лыжи, мотор и пропеллер — необычный способ передвижения в зимних условиях Салехарда.",1
4402,69311241276284,"2019-03-26 14:01:26","План доработок Lada 4x4 («Нива») попал в СМИ 

Список изменений ищите на сайте: https://drom.ru/s/g6U",1
4401,69311408262012,"2019-03-26 15:02:25","Немец полвека ждёт от BMW извинений за дефектную окраску его машины

Подробнее: https://drom.ru/s/lic",1
4400,69311717002108,"2019-03-26 16:38:22","Mazda представила обновлённый кроссовер CX-9 в России: дешевле предшественника

Подробнее: https://drom.ru/s/CaF",1
4399,69312098552700,"2019-03-26 18:31:42","Изысканный и элегантный: GM опубликовал фото нового Buick LaCrosse

Все фото: https://drom.ru/s/kIL",1
4398,69312333630332,"2019-03-26 19:47:15","Тестируем Mazda CX-9. Фейслифтинг без фейслифтинга

Читайте на сайте: https://drom.ru/s/QKh",1
4397,69312536726396,"2019-03-26 20:45:05","Новая гоночная модель Ferrari P80/C создана в единственном экземпляре

Подробнее об этом автомобиле: https://drom.ru/s/fCw",1
4396,69312809094012,"2019-03-26 22:14:13","Toyota начала серийное производство новой Супры

Подробнее: https://drom.ru/s/iLi",1
4395,69313254869884,"2019-03-27 00:19:58","Север России: белый медведь перебегает дорогу-зимник словно заурядная кошка.",1
4394,69315255290748,"2019-03-27 12:31:02","СМИ: легковые Ford прекратят выпускать в России летом

Подробнее: https://drom.ru/s/2P9",1
4393,69315458845564,"2019-03-27 14:08:03","СПИК «АвтоВАЗа» предусматривает выпуск 26 новых моделей

Подробнее: https://drom.ru/s/rcs",1
4392,69315635465084,"2019-03-27 15:01:25","Toyota, Lamborghini и Michelin не хотят видеть русский Aurus в Европе

Подробнее о ситуации: https://drom.ru/s/mPJ",1
4391,69315968781180,"2019-03-27 16:32:04","Kia Stinger 2018 года: выбор и особенности комплектации “Prestige“, оценка эксплуатации по десятибалльный шкале и почему Стингер является однозначным прорывом для Кореи.

Читайте новый отзыв от автовладельца: https://drom.ru/s/0s4",1
4390,69316157590396,"2019-03-27 17:26:03","Audi готовит серьёзного конкурента топ-версии Tesla Model 3

Подробнее: https://drom.ru/s/Ary",1
4389,69316944546684,"2019-03-27 21:19:05","«Зверь» Путина, или Кремль на колёсах. Что пишут про Aurus на Западе?

Читайте на сайте: https://drom.ru/s/03P",1
4388,69317442227068,"2019-03-27 23:34:35","Что такое мастерство — демонстрирует оператор экскаватора.",1
4387,69319700990844,"2019-03-28 12:49:12","Mitsubishi представила брутальную версию L200 (в духе Ford Raptor)

Подробнее: https://drom.ru/s/hjq",1
4386,69319794510716,"2019-03-28 13:37:41","Chevrolet Niva: в преддверии фейслифтинга?

Подробнее по ссылке: https://drom.ru/s/TbB",1
4385,69319952321404,"2019-03-28 14:30:14","СМИ: НАМИ построил парадные кабриолеты марки Aurus

Подробнее: https://drom.ru/s/qKG",1
4384,69320171604860,"2019-03-28 15:34:05","Jeep Grand Cherokee 2017 года: диковинный для российского жителя автомобиль, плюсы и минусы интерьера и почему это авто нельзя сравнивать с Тойотой Ленд Крузер.

Читайте новый отзыв от автовладельца: https://drom.ru/s/zZf",1
4383,69320405502844,"2019-03-28 16:34:51","Daimler AG испытывает на российском Дальнем Востоке грузовик с «вечным сцеплением»

Подробнее: https://drom.ru/s/axa",1
4382,69321258912636,"2019-03-28 20:51:02","Блог УАЗ Патриот. С востока на юг: зимний перегон Патриота без «головы»

Читайте новый пост на сайте: https://drom.ru/s/2d8",1
4381,69321527217020,"2019-03-28 22:13:15","Подробно про мотоциклы URAL в Японии + обзор выставки Tokyo Motorcycle Show 2019

Смотрите новое видео на канале Drom Fun: https://drom.ru/s/RRa",1
4380,69321729592188,"2019-03-28 23:10:04","Авария на кольцевых гонках привела к тому, что болид лишился всех наружных кузовных панелей.",1
4379,69324158094204,"2019-03-29 12:52:06","Aurus будет участвовать в гонках «24 часа Ле Мана», уже построен болид

Подробнее: https://drom.ru/s/k9J",1
4378,69324321147772,"2019-03-29 14:01:14","Концепт KIA Mohave Masterpiece намекнул на второе поколение рамного внедорожника

Подробнее: https://drom.ru/s/DMH",1
4377,69324647713660,"2019-03-29 15:40:28","Как выглядит 16-летняя Corolla с пробегом 1 000 000 км

Фото и подробности: https://drom.ru/s/bz9",1
4376,69324845042556,"2019-03-29 16:30:44","#объявадня 
Subaru Impreza WRX STI, 2012 год 
1 800 000 ₽ 
⠀ 
Всю информацию можете найти на сайте — https://drom.ru/s/Css",1
4375,69325069437820,"2019-03-29 17:30:28","Как мы ездили на мега-грузовике за 42 000 000 руб.

Читайте на сайте: https://drom.ru/s/MvP",1
4374,69325614566268,"2019-03-29 20:07:40","Samsung представил перелицованную версию кроссовера Renault Arkana

Подробнее о новинке: https://drom.ru/s/0aq",1
4373,69329915169660,"2019-03-30 19:29:58","Hyundai Sonata нового поколения получила турбомотор и гибридную версию

Подробнее: https://drom.ru/s/GfI",1
4372,69330119641980,"2019-03-30 20:36:51","«GM-АвтоВАЗ» представил штатную мультимедийную систему для Chevrolet Niva

Подробнее: https://drom.ru/s/fzj",1
4371,69331035507580,"2019-03-31 01:08:11","В Техасе (США) недалеко от границы с Мексикой полицейские подъехали к подозрительному пикапу Ford, стоявшему на обочине. Не успели они выйти из машины, чтобы поговорить с водителем пикапа, как тот дал по газам. Ну а вскоре вскрылась причина, почему он не хотел общаться с полицейскими — машина до отказа «набита» нелегалами из Мексики! Сколько их здесь?",1
4370,69333456669564,"2019-03-31 16:23:37","Первая в мире Toyota Supra нового поколения с мотором 2JZ-GTE уже дважды горела

Подробнее: https://drom.ru/s/vfw",1
4369,69334032862076,"2019-03-31 19:06:28","Ателье Hennessey сделало мощный Ford Raptor для Дуэйна «Скалы» Джонсона

Подробнее: https://drom.ru/s/iyz",1
4368,69334245329788,"2019-03-31 20:03:37","УАЗ Пикап сняли в роли «папамобиля» в популярном европейском сериале

Подробности и видео: https://drom.ru/s/AaQ",1
4367,69334581201788,"2019-03-31 21:30:47","Honda Jazz нового поколения лишится традиционных двигателей

Подробнее: https://drom.ru/s/Btd",1
4366,69335040936828,"2019-03-31 23:27:42","В станице Фастовецкой Краснодарского края дорожникам не выделили денег на новый асфальт, но дали на краску для разметки. Пришлось наносить разметку местами прямо по земле.",1
4365,69337246223228,"2019-04-01 11:47:07","Chery наладит в России производство трёх моделей

Узнайте какие и где: https://drom.ru/s/dbK",1
4364,69337375591292,"2019-04-01 13:01:08","Инсайдер: Mitsubishi купил у «АвтоВАЗа» лицензию на Весту

Все неподробности: https://drom.ru/s/eNd",1
4363,69337536744316,"2019-04-01 14:01:04","В краю потерянных судеб

Читайте новые заметки о путешествии: https://drom.ru/s/5hX",1
4362,69337854593916,"2019-04-01 15:20:10","Тест ржавых вёдер. «Зубило» против «классики»

Читайте на сайте: https://drom.ru/s/2NI",1
4361,69338344278908,"2019-04-01 17:35:47","УАЗ 469 1984 года: история приобретения и возрождения.

Читайте новый отзыв от автовладельца: https://drom.ru/s/uop",1
4360,69338531974012,"2019-04-01 18:31:34","Продавать е-ОСАГО позволят посредникам

Подробнее: https://drom.ru/s/luY",1
4359,69338838879100,"2019-04-01 20:01:24","Источник: российский Aurus подает в суд на Rolls-Royce (за дизайн) и на Toyota (за имя)

Деликатные подробности: https://drom.ru/s/SQX",1
4358,69339052526460,"2019-04-01 21:01:11","В российских колониях вместо автозаков будут выпускать суперкары

Подробнее: https://drom.ru/s/4Up",1
4357,69339562396540,"2019-04-01 23:16:10","Китайские строители включили смекалочку — и придумали, как при помощи экскаватора ускорить выравнивание цементной заливки.",1
4356,69341717744508,"2019-04-02 12:30:19","Aurus запатентовал окончательный облик минивэна Arsenal

Больше изображений: https://drom.ru/s/fkv",1
4355,69341861333884,"2019-04-02 13:40:18","УАЗ пообещал представить «Русский Прадо» за 1,5 млн рублей

Подробнее: https://drom.ru/s/FGS",1
4354,69342030154620,"2019-04-02 14:38:28","Toyota RAV4 2017 года: на что способен РАВ4 с двигателем 2.0, за что любят Тойоту в России и почему этот кроссовер выглядит как кусок ?

Читайте новый отзыв от автовладельца: https://drom.ru/s/MJ4",1
4353,69342302325628,"2019-04-02 16:01:55","#объявадня 
Maserati GranTurismo, 2009 год 
1 990 000 ₽ 
⠀ 
Всю информацию можете найти на сайте — https://drom.ru/s/Bui",1
4352,69342501817212,"2019-04-02 17:02:18","Кроссовер Hyundai Venue оказался уменьшенной версией Santa Fe

Подробнее: https://drom.ru/s/pOg",1
4351,69342818683772,"2019-04-02 18:31:42","У Lamborghini не осталось претензий к бренду Aurus

Подробнее: https://drom.ru/s/pBk",1
4350,69343167204220,"2019-04-02 20:22:18","Автомобили-«глюки» из Голландии и душевный трактор-автодом из России

Читайте новую статью на сайте: https://drom.ru/s/vcf",1
4349,69343983651708,"2019-04-03 00:07:17","У проекта Кортеж новый руководитель

Подробнее: https://drom.ru/s/tqk",1
4348,69346128710524,"2019-04-03 13:00:46","Кроссовер Chery Tiggo 8 обновился и обзавёлся новым мотором

Подробнее: https://drom.ru/s/j38",1
4347,69346300611452,"2019-04-03 14:09:49","Самые популярные дизели. Топ машин нашего рынка

Смотрите список: https://drom.ru/s/XHp",1
4346,69346605484924,"2019-04-03 15:32:20","Toyota Alphard 2002 года: почему с таким автомобилем хорошо, если не разобьёшься на первом перекрёстке, на чём ездит вся Америка и Канада и особенности техосмотра зарубежом.

Читайте новый отзыв от автовладельца: https://drom.ru/s/bxV",1
4345,69347154873212,"2019-04-03 18:06:23","Ford распродаёт машины в России: Focus — от 705 тысяч, Kuga — от 1,3 млн

Подробнее: https://drom.ru/s/DFF",1
4344,69347507653500,"2019-04-03 19:53:30","Что мы потеряли: представлено новое поколение Ford Kuga

Подробнее о новинке: https://drom.ru/s/wH7",1
4343,69347958934396,"2019-04-03 21:55:09","Пикапы-трудяги против гламурных грузовиков. Тестируем четыре модели

Читайте на сайте: https://drom.ru/s/IOJ",1
4342,69348201810812,"2019-04-03 23:01:15","В китайской армии есть прикольное приспособление, которое позволяет развернуть грузовик буквально на пятачке.",1
4341,69348447046524,"2019-04-03 23:59:22","Дорожное покрытие в Японии: пример грамотного подхода к строительству дорог

Смотрите новое видео на канале Drom Fun: https://drom.ru/s/vTn",1
4340,69350536399740,"2019-04-04 12:01:51","В Тольятти засняли прототип обновлённой Lada Granta Sport

Все фото: https://drom.ru/s/CZJ",1
4339,69350624676732,"2019-04-04 13:01:12","ГАЗ хотят лишить прав на торговую марку «Победа»

Подробнее: https://drom.ru/s/0FQ",1
4338,69350812175228,"2019-04-04 14:01:35","Путин приехал на открытие завода Mercedes-Benz в Московской области на Аурусе

Подробнее: https://drom.ru/s/owq",1
4337,69350984928124,"2019-04-04 15:01:37","«Вьетнамские БМВ» запатентовали в России (и это неслучайно)

Подробнее: https://drom.ru/s/yXg",1
4336,69351198641020,"2019-04-04 16:01:57","Nissan Patrol 2010 года: автомобиль, доставшийся по взаимозачёту, большой расход и транспортный налог и детальный разбор ходовых качеств.

Читайте новый отзыв от автовладельца: https://drom.ru/s/YD2",1
4335,69351400754044,"2019-04-04 17:02:20","#объявадня 
Mini Roadster, 2013 год 
1 777 000 ₽ 
⠀ 
Всю информацию можете найти на сайте — https://drom.ru/s/pSQ",1
4334,69351602670460,"2019-04-04 18:01:59","Бывший цех ЗИЛа стал самым большим дилерским центром Mercedes-Benz в Европе

Подробнее: https://drom.ru/s/bJs",1
4333,69351799868284,"2019-04-04 19:01:56","KIA сделала Панамеру для бедных? Первый тест спортуниверсала ProCeed

Читайте на сайте: https://drom.ru/s/vfg",1
4332,69351999425404,"2019-04-04 20:01:19","Как дурят дилеры при продаже нового авто в кредит

Смотрите новое видео на канале Drom Fun: https://drom.ru/s/wIE",1
4331,69352214252412,"2019-04-04 21:01:12","Ford Puma теперь будет кроссовером: известны детали

Подробнее: https://drom.ru/s/yK5",1
4330,69352615594876,"2019-04-04 23:03:06","Новый выпуск ГвоздиShow — на этот раз о технологиях искусственого интеллекта в автомобиле. ",1
4329,69352813120380,"2019-04-04 23:59:25","Портланд, США: по счастливой случайности мчащийся по диагонали Лексус не прихватил с собой другие автомобили. Оказалось, водитель Лексуса потерял сознание, а его нога продолжала удерживать педаль газа. Уже за кадром машина перевернулась, никто вроде бы серьезно не пострадал.",1
4328,69354885630844,"2019-04-05 12:46:02","Chery показала интерьер рестайлингового кроссовера Tiggo 8: всё по-новому 

Больше фото: https://drom.ru/s/xRh",1
4327,69355086236540,"2019-04-05 14:01:17","Авторынок в марте: снова плюс!

Новый отчёт уже сайте: https://drom.ru/s/eyn",1
4326,69355307223932,"2019-04-05 15:01:52","Запас хода электрокаров могут довести до 1000 километров уже через несколько лет

Подробнее: https://drom.ru/s/hIz",1
4325,69355554098044,"2019-04-05 16:11:23","Можно ли сейчас ездить с «квадратными» номерами?

Читайте на сайте: https://drom.ru/s/6uE",1
4324,69355737205628,"2019-04-05 17:02:33","#объявадня 
Москвич 403, 1964 год 
1 370 000 ₽ 
⠀ 
Всю информацию можете найти на сайте — https://drom.ru/s/EdD",1
4323,69355946265468,"2019-04-05 18:01:44","«Нет, это не Subaru». Тест ядреной Toyota Caldina GT-Four

Читайте на сайте: https://drom.ru/s/6Im",1
4322,69356696456060,"2019-04-05 21:58:10","Bugatti рассказала, чем ее кроссовер будет отличаться от Bentley, Porsche и Audi

Подробности по ссылке: https://drom.ru/s/RKJ",1
4321,69358967343996,"2019-04-06 10:09:58","Начальник ГИБДД Москвы ушёл в отставку (из-за резонансного ДТП)

Подробнее: https://drom.ru/s/cqm",1
4320,69359041268604,"2019-04-06 11:20:48","В июле выйдет бюджетный кроссовер Renault за 500 тысяч рублей. Но есть нюанс

Подробности по ссылке: https://drom.ru/s/iNy",1
4319,69365935197052,"2019-04-07 20:30:22","«Побольше лидаров, побольше!»: невесёлые мысли после соревнования беспилотников

Читайте на сайте: https://drom.ru/s/wGp",1
4318,69366614346620,"2019-04-07 23:09:52","Обзор тестов летних шин сезона-2019: новинки и бюджетные

Читайте по ссылке: https://drom.ru/s/PeM",1
4317,69366836972412,"2019-04-07 23:59:22","Курение над заправочным пистолетом — это по определению признак сверх-разума.",1
4316,69369180343164,"2019-04-08 14:13:31","Неудачный перегон Тойоты Короллы. Декабрь 2003 год

Читайте на сайте: https://drom.ru/s/Q5P",1
4315,69369480039292,"2019-04-08 15:46:01","Битва комплектаций. Выбираем оптимальное оснащение компактного кроссовера

Читать: https://drom.ru/s/aNx",1
4314,69369754307452,"2019-04-08 17:12:12","#объявадня 
Toyota GT 86, 2012 год 
1 275 000 ₽ 
⠀ 
Всю информацию можете найти на сайте — https://drom.ru/s/7D1",1
4313,69370534775676,"2019-04-08 21:39:59","В ГИБДД назвали самые опасные для водителей регионы России

Смотрите по ссылке: https://drom.ru/s/vrn",1
4312,69370678889340,"2019-04-08 22:30:09","BMW, Daimler AG и Volkswagen заподозрены в картельном сговоре

Подробнее о ситуации: https://drom.ru/s/F6T",1
4311,69370866846588,"2019-04-08 23:30:27","Можно было подумать, что у водителя заснятого на МКАД Hyundai Vercruz барахлит навигатор, но нет — это наркотики.",1
4310,69372914912124,"2019-04-09 13:22:01","Супердорогой электрический Мустанг из России: собран первый кузов

Подробнее: https://drom.ru/s/eBo",1
4309,69373181774716,"2019-04-09 14:56:50","Российский генерал: в воюющей Сирии дороги лучше, чем в мирном Екатеринбурге

Подробнее: https://drom.ru/s/S9I",1
4308,69373437234044,"2019-04-09 16:10:41","Audi вывела на российский рынок самую дешёвую версию седана A8

Подробнее: https://drom.ru/s/PZ8",1
4307,69373666741116,"2019-04-09 17:23:00","Три русские мечты: X5, Крузак и Туарег

Сравниваем эти автомобили в нашей новой статье: https://drom.ru/s/BoI",1
4306,69373915581308,"2019-04-09 18:37:42","С 15 апреля в России подорожают платные дороги

Подробнее: https://drom.ru/s/pri",1
4305,69374183689084,"2019-04-09 19:56:39","В скором времени договор купли-продажи автомобилей станет электронным

Подробнее: https://drom.ru/s/J8l",1
4304,69374750051196,"2019-04-09 22:41:21","Как будет выглядеть новый бюджетный кроссовер Hyundai Venue — это больше не секрет

Подробнее о новинке: https://drom.ru/s/5mC",1
4303,69374914808700,"2019-04-09 23:31:01","На Украине своя атмосфера...",1
4302,69376993872764,"2019-04-10 12:25:28","Lexus представит свою версию Toyota Alphard через неделю

Подробнее: https://drom.ru/s/jKx",1
4301,69377151880060,"2019-04-10 13:30:20","Карлос Гон всё-таки рассказал правду «о том, что происходит»

Читайте на сайте: https://drom.ru/s/uMu",1
4300,69377333742460,"2019-04-10 14:30:30","Volkswagen выкатил на тесты прототип самой мощной модификации Tiguan R

Подробнее: https://drom.ru/s/ojX",1
4299,69377526287228,"2019-04-10 15:31:48","Как найти хороший шиномонтаж?

Разбираемся в нашем новом материале: https://drom.ru/s/Vlp",1
4298,69377720273788,"2019-04-10 16:30:39","#объявадня 
Porsche Cayenne, 2018 год 
10 300 000 ₽ 
⠀ 
Всю информацию можете найти на сайте — https://drom.ru/s/r7C",1
4297,69377929333628,"2019-04-10 17:30:21","Volkswagen Caravelle 2018 года: первая часть отзыва о том, как автор «дошёл до такой жизни» и купил Фольксваген Каравеллу (да еще и в лизинг) и непосредственно сама история покупки данного авто.

Читайте новый отзыв от автовладельца: https://drom.ru/s/lho",1
4296,69378207075196,"2019-04-10 19:02:00","На ралли-рейде в Аргентине у участников загорелся болид. К счастью, им хватило сноровки быстро покинуть его.",1
4295,69381066804092,"2019-04-11 12:01:53","Минтранс обвинил регионы в подложной статистике о состоянии дорог

Подробнее: https://drom.ru/s/glH",1
4294,69381165370236,"2019-04-11 13:00:43","Mercedes-Benz GLS нового поколения готов к дебюту: опубликованы фотографии

Все фото: https://drom.ru/s/U9S",1
4293,69381329013628,"2019-04-11 14:01:05","Импорт легковых автомобилей в Россию в 2019 году неожиданно обвалился

Подробнее: https://drom.ru/s/qWP",1
4292,69381501635452,"2019-04-11 15:01:37","Штраф за превышение скорости может увеличиться в шесть раз — инициатива ГИБДД

Подробнее: https://drom.ru/s/Kkk",1
4291,69381699947388,"2019-04-11 16:02:02","Самые крутые авторынки России: «Зеленый угол», Владивосток

Читайте на сайте: https://drom.ru/s/Osx",1
4290,69381920148348,"2019-04-11 17:02:21","Volkswagen Teramont 2018 года: сравнение с Каравеллой, средний расход топлива и кому не подойдёт этот автомобиль.

Читайте новый отзыв от автовладельца: https://drom.ru/s/lwF",1
4289,69383291423612,"2019-04-12 00:07:08","Поразительное видео из Таиланда: водитель байка только благодаря своей сообразительности избежал участи быть расплющенным 40-футовым морским контейнером.",1
4288,69385151662972,"2019-04-12 11:33:01","«Русский Прадо»: первые подробности про УАЗ Патриот 2020 года

Читайте на сайте: https://drom.ru/s/cXW",1
4287,69385309473660,"2019-04-12 13:07:32","Минпромторг рассказал, сколько заказано Сенатов и когда выйдет внедорожник Komendant

https://drom.ru/s/sJP",1
4286,69385471609724,"2019-04-12 14:01:06","Русский инженер обвинил шоу с Джереми Кларксоном в плагиате

Подробнее: https://drom.ru/s/IrZ",1
4285,69385656748924,"2019-04-12 15:01:50","Renault рассказала подробности о серийной версии кроссовера Arkana для России

Читайте по ссылке: https://drom.ru/s/ArB",1
4284,69385869282172,"2019-04-12 16:02:13","В гостях у «дяди Васи». Две Лады и «китаец»: с кем больше проблем?

Читайте на сайте: https://drom.ru/s/dVW",1
4283,69386070150012,"2019-04-12 17:02:25","На чём ездить по Луне? Семь машин у нас над головой

Читайте: https://drom.ru/s/XDm",1
4282,69386266692476,"2019-04-12 18:01:51","Космический ЗИЛ. Знакомимся с редчайшим вездеходом

https://drom.ru/s/kac",1
4281,69386468477820,"2019-04-12 19:02:01","«АвтоВАЗ» уходит из Европы. Навсегда?

Разбираемся в ситуации: https://drom.ru/s/0da",1
4280,69387255761788,"2019-04-12 23:01:07","Общее отношение потребителей к каршерингу: не своё — не жалко. Вот куда нелёгкая завела этот каршеринговый Mercedes-Benz GLA.",1
4279,69389854722940,"2019-04-13 14:42:22","Медведев утвердил новый порядок внесения изменений в конструкции автомобилей

Подробнее: https://drom.ru/s/ZAr",1
4278,69390427179900,"2019-04-13 17:24:23","Парад Победы 2019 будут принимать на Аурусах. Уже идут репетиции

Подробнее: https://drom.ru/s/z6c",1
4277,69394210507644,"2019-04-14 16:02:13","Исторический миксер: что происходит с наследием ЗиЛа?

Читайте на сайте: https://drom.ru/s/QYZ",1
4276,69395574442876,"2019-04-14 22:04:19","Toyota RAV4 вновь обрела индивидуальность

Читайте наш обзор на сайте: https://drom.ru/s/Yw5",1
4275,69395807292284,"2019-04-14 23:01:06","Западные перегоны 90-х, а также дромовские истории, о космических технологиях и рыбалке

Читайте на сайте: https://drom.ru/s/NMZ",1
4274,69398025292668,"2019-04-15 12:32:05","Новый Mercedes-Benz GLS: первые фото

Смотрите по ссылке: https://drom.ru/s/gg2",1
4273,69398264236924,"2019-04-15 14:11:55","Toyota Carina ED 1994 года: история о том, как я пересел с ВАЗ-2115 на машину мечты

Читайте новый отзыв от автовладельца: https://drom.ru/s/AFz",1
4272,69399105325948,"2019-04-15 18:16:27","Volkswagen представил электрический кроссовер с трёхрядным салоном

Подробнее о новинке: https://drom.ru/s/fVK",1
4271,69399438314364,"2019-04-15 19:56:36","С BMW 1-Series сорвали покровы, но пока не до конца

Подробнее: https://drom.ru/s/KRz",1
4270,69399657663356,"2019-04-15 21:01:40","#объявадня 
Lincoln Continental, 1960 год
4 400 000 ₽ 
⠀ 
Всю информацию можете найти на сайте — https://drom.ru/s/3Oa",1
4269,69399867116412,"2019-04-15 22:01:47","Торговля едой с колёс: все плюсы и минусы

Читайте на сайте: https://drom.ru/s/cJf",1
4268,69400315644796,"2019-04-16 00:02:55","Гаишник поражает своей сдержанностью.",1
4267,69402590071676,"2019-04-16 14:01:08","СМИ подтвердили, что автомобили Ravon будут собирать на заводе Derways

Подробнее: https://drom.ru/s/J34",1
4266,69402790939516,"2019-04-16 15:01:26","Сколько новых водителей появилось в РФ в 2018 году?

Есть ответ: https://drom.ru/s/sam",1
4265,69403026869116,"2019-04-16 16:02:28","Volkswagen представил в Шанхае самый большой кроссовер за всю свою историю

Подробнее о новинке: https://drom.ru/s/Ke9",1
4264,69403265289084,"2019-04-16 17:02:11","«АвтоВАЗ» тихо внёс изменения в комплектацию Лады Гранты

Смотрите полный список: https://drom.ru/s/TYd",1
4263,69403482409852,"2019-04-16 18:01:38","Скидки на машины по госпрограммам: стоит поторопиться?

Новая статья на сайте: https://drom.ru/s/Xo2",1
4262,69403689569148,"2019-04-16 19:02:03","Из Удмуртии в Горный Алтай на автодоме Mercedes-Benz Zetros. Сентябрь 2017

Читайте по ссылке: https://drom.ru/s/BWX",1
4261,69404148583292,"2019-04-16 21:19:54","В Шанхае дебютировал первый минивэн марки Lexus

Подробнее: https://drom.ru/s/AJY",1
4260,69404545010556,"2019-04-16 23:01:48","У пожарных машин с заполненной водой цистерной — высокий центр тяжести, поэтому перевернуть их очень просто. Вот, например, пожарный Урал лёг на бок от, в общем, не такого уж сильного удара. ",1
4259,69407072603004,"2019-04-17 14:01:02","Nissan Sylphy нового поколения удивил дизайном

Подробнее: https://drom.ru/s/vGt",1
4258,69407305124732,"2019-04-17 15:01:42","«АвтоВАЗ» предлагает всем желающим придумать имя для новых моделей

Все подробности по ссылке: https://drom.ru/s/vMF",1
4257,69407501601660,"2019-04-17 16:02:51","Новый эксперимент на российских дорогах: платные перекрестки

Подробнее: https://drom.ru/s/Mru",1
4256,69407713020796,"2019-04-17 17:02:30","Hyundai Creta второго поколения показали в Китае

Подробнее о новинке: https://drom.ru/s/EI3",1
4255,69407924505468,"2019-04-17 18:02:15","ВИДЕО: слёт поклонников старых КрАЗов в Германии (!)

Смотреть: https://drom.ru/s/dxz",1
4254,69408139266940,"2019-04-17 19:02:00","#объявадня 
ГАЗ 24 Волга, 1978 год
1 500 000 ₽ 
⠀ 
Всю информацию можете найти на сайте — https://drom.ru/s/FPn",1
4253,69411277982588,"2019-04-18 12:48:45","«Живые» фото с Шанхайского автосалона – китайцы жгут!

Смотрите по ссылке: https://drom.ru/s/Sqv",1
4252,69411408464764,"2019-04-18 13:40:13","«АвтоВАЗ» сертифицировал XRAY с мотором Renault и вариатором Jatco. Скоро продажи

Больше подробностей: https://drom.ru/s/p47",1
4251,69411776973692,"2019-04-18 15:39:55","Надо ли в России менять масло чаще, чем в других странах?

Отвечаем: https://drom.ru/s/xW6",1
4250,69411914926972,"2019-04-18 16:17:14","В России стал доступен «эксклюзивный» Volkswagen Touareg

Подробнее: https://drom.ru/s/v5b",1
4249,69412185131900,"2019-04-18 17:30:17","Существует ли в Японии рынок импортных автомобилей?

Рассказываем в новом видео: https://drom.ru/s/tP9",1
4248,69412379511676,"2019-04-18 18:31:55","Со сменой поколений Toyota Highlander перешёл на платформу TNGA

Подробнее: https://drom.ru/s/Nj8",1
4247,69412634119036,"2019-04-18 19:48:13","Дерипаска: «Группа ГАЗ» не выживет, если с неё не снимут санкции

Подробнее: https://drom.ru/s/NWY",1
4246,69412766567292,"2019-04-18 20:30:30","#объявадня 
Mazda RX-8, 2005 год
700  000 ₽ 
⠀ 
Всю информацию можете найти на сайте — https://drom.ru/s/HLP",1
4245,69413308877692,"2019-04-18 23:30:16","Мастер-класс по парковке  от неизвестного гуру из Китая.",1
4244,69415622757244,"2019-04-19 13:36:36","Новый Mercedes-Benz GLS стал более крупным, обтекаемым и электрифицированным

Подробнее: https://drom.ru/s/ay0",1
4243,69415857572732,"2019-04-19 14:51:35","Subaru Outback нового поколения обзавелся турбомотором и экраном в стиле Tesla Model S

Подробнее: https://drom.ru/s/TwT",1
4242,69416057129852,"2019-04-19 15:54:55","ЭРА-ГЛОНАСС спасла семейную пару от дорожных бандитов

Подробнее: https://drom.ru/s/aoR",1
4241,69416287226748,"2019-04-19 17:02:02","Кто «премиальнее»: Camry, «шестёрка» или Optima?

Читайте на сайте: https://drom.ru/s/wlO",1
4240,69416678607740,"2019-04-19 18:54:33","ГИБДД впервые раскрыла данные об экологических классах автомобилей в стране

Смотрите на сайте: https://drom.ru/s/kCn",1
4239,69417209449340,"2019-04-19 21:42:54","Toyota прокомментировала тихий показ таинственного купе с необычным дизайном

Подробнее: https://drom.ru/s/e8k",1
4238,69417397996412,"2019-04-19 22:40:15","Ретротест «Запорожца». Как он прошёл путь от ржавого гаража до гоночного трека

Читайте на сайте: https://drom.ru/s/rIb",1
4237,69417560656764,"2019-04-19 23:30:40","В Медногорске Оренбургской области полным фиаско завершилась погоня гаишников на Гранте за некими нарушителями на ВАЗ-2101 — машина дорожной полиции провалилась в придорожную водосточную канаву. «Копейке» удалось объехать эту неожиданную яму, а полицейскому автомобилю — нет...   ",1
4236,69420370512764,"2019-04-20 16:56:25","Телеканал Минобороны полностью раскрыл облик парадного кабриолета Aurus

Смотрите по ссылке: https://drom.ru/s/on5",1
4235,69420580490108,"2019-04-20 18:01:58","СМИ: разделение водителей на любителей и профессионалов произойдет не ранее 2020 года

Подробнее: https://drom.ru/s/kmF",1
4234,69420802722684,"2019-04-20 19:02:43","КАМАЗ отказался от покупки погибающего производителя троллейбусов

Подробнее: https://drom.ru/s/oAA",1
4233,69421632211836,"2019-04-20 23:01:05","Поразительное видео: взрослая собака спасает щенка от риска быть раздавленным автомобилем.",1
4232,69425182034812,"2019-04-21 16:07:51","«АвтоВАЗ» признал, что двигатель Renault легче и точнее его собственного

Подробнее: https://drom.ru/s/XMR",1
4231,69425481665404,"2019-04-21 17:02:04","Непривычно восхитительная. Первый тест полноприводной Mazda 3

Читайте на сайте: https://drom.ru/s/FgE",1
4230,69425753377660,"2019-04-21 18:01:51","Путешествие на автодоме по Карелии в июле 2017 года

Читайте по ссылке: https://drom.ru/s/qu6",1
4229,69426419354492,"2019-04-21 21:01:45","#объявадня 
Nissan Skyline, 2001 год
1 500 000 ₽ 
⠀ 
Всю информацию можете найти на сайте — https://drom.ru/s/g8C",1
4228,69426633395068,"2019-04-21 22:01:31","Гибридная Toyota Succeed. Кто, если не она?

Наш новый тест-драйв уже доступен: https://drom.ru/s/Jvo",1
4227,69426863098748,"2019-04-21 23:01:24","В Нью-Джерси, США, непогода сорвала с опор провода, ремонтник на грузовике приехал чинить поломку, но получилось не очень...",1
4226,69429530676092,"2019-04-22 16:02:30","Глазами «перекупов». Грустная правда о нас, покупателях

Читать: https://drom.ru/s/B9d",1
4225,69429726890876,"2019-04-22 17:02:13","С 1 мая вступит в силу ГОСТ по уменьшенным дорожным знакам

Подробнее: https://drom.ru/s/W72",1
4224,69429953252220,"2019-04-22 18:24:47","В России неожиданно рухнули продажи люксовых автомобилей

Подробнее: https://drom.ru/s/keJ",1
4223,69430125546364,"2019-04-22 19:30:20","Ford Explorer 2016 года: отзыв об автомобиле-убийце.

Читайте новый отзыв от автовладельца: https://drom.ru/s/eSP",1
4222,69430284733308,"2019-04-22 20:30:21","#объявадня 
Porsche Cayenne, 2012 год 
4 500 000 ₽ 
⠀ 
Всю информацию можете найти на сайте — https://drom.ru/s/iCo",1
4221,69430525905788,"2019-04-22 21:57:26","Завод ЗАЗ продает уникальный Lanos для кольцевых гонок

Подробнее: https://drom.ru/s/RUk",1
4220,69430710520700,"2019-04-22 23:01:22","Америка, как всегда, радует зрелищными полицейскими погонями — во Флориде на минувшей неделе гонялись за старым Nissan Altima. За рулём была женщина в наркотическом опьянении, с ней в салоне сидели две подружки, тоже «в хлам». По сообщению издания The Smoking Gun, когда женщин догнали и вытащили из машины, оказалось, что все трое — совершенно голые. В видео этого момента, к сожалению или к счастью, нет.  ",1
4219,69432794303356,"2019-04-23 13:30:48","Работники Mazda отреставрировали Familia начала 80-х

Фото и подробности: https://drom.ru/s/jFl",1
4218,69432985996156,"2019-04-23 14:35:18","Взорвавшаяся батарея уничтожила Tesla Model S и еще несколько автомобилей

Смотрите видео: https://drom.ru/s/gpL",1
4217,69433162681212,"2019-04-23 15:32:06","Kia Soul со сменой поколений почти не подорожал

Подробнее: https://drom.ru/s/Rak",1
4216,69433356602236,"2019-04-23 16:30:44","BMW X6 2009 года: долгая история покупки, разные ситуации в дилерских центрах  и почему язык не поворачивается называть Х6 девочкой.

Читайте новый отзыв от автовладельца: https://drom.ru/s/sIe",1
4215,69433519131516,"2019-04-23 17:30:17","Гибридные авто в России: какие, сколько и есть ли у них будущее?

Читайте на сайте: https://drom.ru/s/mBx",1
4214,69433686379388,"2019-04-23 18:31:45","В России может появиться гибрид ОСАГО и каско

Первые подробности: https://drom.ru/s/Vv3",1
4213,69433847139196,"2019-04-23 19:30:21","#объявадня 
Ford Thunderbird, 1968 год 
3 300 000 ₽ 
⠀ 
Всю информацию можете найти на сайте — https://drom.ru/s/Gt8",1
4212,69436760083324,"2019-04-24 13:40:19","Названы марки автомобилей, водители которых чаще всего нарушают правила

Смотрите список: https://drom.ru/s/HoI",1
4211,69437011217276,"2019-04-24 15:04:26","Модельный ряд Mercedes-AMG получит важную особенность

Подробнее: https://drom.ru/s/fGi",1
4210,69437214313340,"2019-04-24 16:03:12","В России стареет парк легковых автомобилей

Подробнее: https://drom.ru/s/nsd",1
4209,69437565913980,"2019-04-24 17:49:32","Названы любимые автомобили российских чиновников

Весь список: https://drom.ru/s/1dL",1
4208,69437668871036,"2019-04-24 18:31:44","Более 2 миллионов за хот-хэтч от Hyundai. Это много или мало?

Выясняем в нашем новом тест-драйве: https://drom.ru/s/t4M",1
4207,69438015556476,"2019-04-24 20:30:39","Предел скорости на трассах предложили увеличить до 110 км/ч

Подробнее: https://drom.ru/s/Vpo",1
4206,69438303193980,"2019-04-24 22:13:26","Глава ГИБДД предложил приравнять детей к прицепам

Подробнее: https://drom.ru/s/bzI",1
4205,69438475291516,"2019-04-24 23:11:00","Ответственность за липовый техосмотр ужесточат

Подробнее: https://drom.ru/s/k18",1
4204,69440581356412,"2019-04-25 12:15:06","Toyota снимает с производства Mark X. Замены не будет

Подробнее: https://drom.ru/s/NFN",1
4203,69440925354876,"2019-04-25 14:14:49","Первый Haval русской сборки: в каких версиях его предложат
 
Разбираемся: https://drom.ru/s/RXk",1
4202,69441186581372,"2019-04-25 15:01:36","Классический Toyota Land Cruiser J40 превратили в безумный хот-род

Смотрите видео и фото: https://drom.ru/s/7Gg",1
4201,69441420807036,"2019-04-25 16:02:23","Mercedes-Benz выкатил на тесты странный прототип

Подробнее: https://drom.ru/s/wKO",1
4200,69441627310972,"2019-04-25 17:02:32","Skoda Octavia 2019 года: неожиданная смена Кашкай на Октавию, плюсы и минусы и итоговые впечатления спустя неделю после покупки

Читайте новый отзыв от автовладельца: https://drom.ru/s/T5Z",1
4199,69441834142588,"2019-04-25 18:01:48","Блог Рио Х-Лайн. Весенние будни русского корейца на службе у приморского журналиста

Читайте новый пост на сайте: https://drom.ru/s/U19",1
4198,69442031274876,"2019-04-25 19:01:28","Mitsubishi прощается с легендарным внедорожником Pajero

Подробнее: https://drom.ru/s/xL6",1
4197,69444926720892,"2019-04-26 13:51:47","Кроссовер Renault Kaptur обновился, но не подорожал

Подробнее: https://drom.ru/s/7AE",1
4196,69445058251644,"2019-04-26 14:40:21","«Буханка» получила спецверсию для тяжелого бездорожья

Подробнее: https://drom.ru/s/XRB",1
4195,69445230480252,"2019-04-26 15:40:18","ГИБДД готовит изменения: получить права станет сложнее

Подробнее: https://drom.ru/s/vCq",1
4194,69445381540732,"2019-04-26 16:30:36","УАЗ обновил Патриот для полиции

Подробнее: https://drom.ru/s/bWQ",1
4193,69445566155644,"2019-04-26 17:30:27","В США полиция придумала, как отказаться от рискованных погоньъ

Подробности с видео: https://drom.ru/s/Ljj",1
4192,69445737007996,"2019-04-26 18:31:40","Toyota Camry 2001–2011 гг. (кузова XV30 и XV40). Принцессы на горошине

Читайте нашу новую статью: https://drom.ru/s/o4o",1
4191,69445895932796,"2019-04-26 19:30:27","#объявадня 
Nissan Silvia, 1996 год 
1 000 000 ₽ 
⠀ 
Всю информацию можете найти на сайте — https://drom.ru/s/2ML",1
4190,69446456265596,"2019-04-26 22:30:25","Задержанный за дебош выпал из полицейского «уазика» — это не умышленный побег, просто полицейские забыли закрыть дверцу.",1
4189,69449654946684,"2019-04-27 18:36:36","Suzuki представил новый «глобальный» грузовик за 600 000 рублей

Подробнее о новинке: https://drom.ru/s/SHu",1
4188,69449804106620,"2019-04-27 19:30:19","В Daimler AG удивились наличию Мерседесов и Майбахов у Ким Чен Ына

Подробнее: https://drom.ru/s/UnR",1
4187,69450513140604,"2019-04-27 23:34:17","В Казани уничтожают «серые» автомобили Volkswagen

Подробнее: https://drom.ru/s/fUj",1
4186,69454855752572,"2019-04-28 18:48:16","Первый тест-драйв Jeep Gladiator. Да, он нам понравился

Читайте на сайте: https://drom.ru/s/ZTB",1
4185,69455327611772,"2019-04-28 20:41:47","Как нам не потерять Сибирь и Дальний Восток, или Рассказ о судьбоносной поездке по военно-томской дороге

Читать: https://drom.ru/s/ZvK",1
4184,69455820311420,"2019-04-28 22:57:04","Когда администрация города не способна привести дороги в нормальное состояние, в дело вступает народная инициатива. На видео Омск.",1
4183,69458141793148,"2019-04-29 14:53:57","У Lada Granta изменились комплектации и цены

Подробнее: https://drom.ru/s/fYF",1
4182,69458380016508,"2019-04-29 16:02:16","Honda Stepwgn 2015 года: качество, практичность и индивидуальность.

Читайте новый отзыв от автовладельца: https://drom.ru/s/POC",1
4181,69458617125756,"2019-04-29 17:02:42","#объявадня 
Mitsubishi Pajero, 1997 год
2 000  000 ₽ 
⠀ 
Всю информацию можете найти на сайте — https://drom.ru/s/4Cq",1
4180,69458823957372,"2019-04-29 18:02:07","В гостях у «дяди Васи». Непредсказуемый ремонт. А как хорошо всё начиналось…

Читайте на сайте: https://drom.ru/s/FYN",1
4179,69459120114556,"2019-04-29 19:41:58","В России будет больше камер, фиксирующих нарушение средней скорости движения

Подробнее: https://drom.ru/s/ZRw",1
4178,69459566939004,"2019-04-29 22:03:07","Aurus задерживается: розничные продажи начнутся только в 2020 году

Подробнее: https://drom.ru/s/ybS",1
4177,69459750898556,"2019-04-29 23:05:43","Горная дорога как аттракцион на выбывание. ",1
4176,69461852310396,"2019-04-30 13:14:57","В США с аукциона продали «останки» полностью сгоревшей Ferrari 90-х годов

Подробнее: https://drom.ru/s/2aP",1
4175,69461994916732,"2019-04-30 14:10:15","БЕЛАЗ разработал двух «монстров» для подземных работ

Подробнее: https://drom.ru/s/zR3",1
4174,69462162033532,"2019-04-30 15:10:19","Серийную версию Renault Arkana покажут в конце мая

Подробнее: https://drom.ru/s/Keq",1
4173,69462335376252,"2019-04-30 16:08:56","BMW 3-Series 2018 года: откровение в плане удовольствия от езды.

Читайте новый отзыв от автовладельца: https://drom.ru/s/JWV",1
4172,69462500526972,"2019-04-30 17:02:02","В строительство нового кольца вокруг Москвы придётся вложить ещё 20 млрд рублей

Подробнее: https://drom.ru/s/Vld",1
4171,69462683241340,"2019-04-30 18:02:01","#объявадня 
Lexus GS300, 2006 год 
1 100 000 ₽ 
⠀ 
Всю информацию можете найти на сайте — https://drom.ru/s/NKQ",1
4170,69462870674300,"2019-04-30 19:01:53","Кабан с рюкзаком. Тест нового Kia Soul

Читайте на сайте: https://drom.ru/s/CBm",1
5884,69467840859004,"2019-05-01 19:23:20","Geely выпустил первый в мире грузовик с двигателем на метаноле

Подробнее: https://drom.ru/s/dvT",1
5883,69468061387644,"2019-05-01 20:30:21","Мантуров раскрыл особенности военных кабриолетов Aurus

Подробнее: https://drom.ru/s/AVo",1
5882,69468280736636,"2019-05-01 21:30:17","Mercedes-AMG откажется от заднеприводных моделей

Подробнее: https://drom.ru/s/Oje",1
5881,69471505894268,"2019-05-02 17:19:55","На параде Победы покажут «Ниву»-пикап с крупнокалиберным пулемётом

Подробнее: https://drom.ru/s/5JQ",1
5880,69471896357756,"2019-05-02 19:32:26","Дизайнер из Германии разработал альтернативный E-Class — в стиле культового W115

Фото и видео: https://drom.ru/s/J9B",1
5879,69472085756796,"2019-05-02 20:35:04","Министр «засветил» дизайн секретного внедорожника Aurus

Все фото: https://drom.ru/s/Wcc",1
5878,69475515911036,"2019-05-03 16:50:07","Раскрыт интерьер Mercedes-Benz S-Class следующего поколения

Подробнее: https://drom.ru/s/KfW",1
5877,69475830287228,"2019-05-03 18:21:55","Volkswagen: наши аккумуляторы смогут работать всю жизнь электромобиля

Подробнее: https://drom.ru/s/5iJ",1
5876,69480020069244,"2019-05-04 21:09:54","Кроссоверная версия Kia Xceed замечена во время тестов

Подробнее: https://drom.ru/s/aGX",1
5875,69483417914236,"2019-05-05 17:50:56","Toyota Tundra пробежала без капитального ремонта 1,6 млн километров

Подробнее: https://drom.ru/s/btB",1
5874,69483639032700,"2019-05-05 19:02:10","У Chevrolet Camaro после обновления появилась «бюджетная» версия

Подробнее: https://drom.ru/s/do4",1
5873,69483850255228,"2019-05-05 20:19:57","Полиция Абу-Даби обзавелась арабским суперкаром Lykan

Подробнее: https://drom.ru/s/bov",1
5872,69484019272572,"2019-05-05 21:20:15","Едем на Кавказ

Читайте новые заметки о путешествии: https://drom.ru/s/G3q",1
5871,69484220992380,"2019-05-05 22:30:26","Феноменальное по своей абсурдности ДТП произошло в Ингушетии: гаишники устроили погоню за угнанной Kia Rio, но не согласовали свои действия с другим экипажем, ехавшим в противоположном направлении. Напоминает известную сцену во французской комедии «Такси».",1
5870,69486734822268,"2019-05-06 15:31:59","Лёгкие фургоны и микроавтобусы МАЗ выходят на рынок

Подробнее: https://drom.ru/s/EIP",1
5869,69486917405564,"2019-05-06 16:33:39","ЗАЗ пустит имущество с молотка из-за долгов

Подробнее: https://drom.ru/s/Gpd",1
5868,69487384021884,"2019-05-06 19:21:38","В Новосибирске на базе Marussia создадут новый спорткар

Подробнее: https://drom.ru/s/urR",1
5867,69487510506364,"2019-05-06 20:01:11","В России упал спрос на праворульные «бэушки»

Подробнее: https://drom.ru/s/n2o",1
5866,69487698463612,"2019-05-06 21:01:26","Самые безумные Кайены в истории. Лучше, чем у Porsche

Смотрите весь список: https://drom.ru/s/E5V",1
5865,69487937080188,"2019-05-06 22:26:17","Названы самые популярные отечественные автомобили с пробегом

Вся десятка: https://drom.ru/s/wgq",1
5864,69488138865532,"2019-05-06 23:30:16","Неудавшаяся попытка ограбления в Бразилии.",1
5863,69490197678972,"2019-05-07 13:17:29","Опубликована первая фотография конкурента Porsche Panamera от BMW

Подробнее: https://drom.ru/s/0s9",1
5862,69490342251388,"2019-05-07 14:20:22","«Авторевю» провело краш-тест Lada XRAY Cross

Результаты: https://drom.ru/s/1VJ",1
5861,69490546854780,"2019-05-07 15:32:01","Toyota Prius 2016 года: комплектация S Touring Selection, чип-тюнинг и проблемы с дворниками.

Читайте новый отзыв от автовладельца: https://drom.ru/s/Asx",1
5860,69490742020988,"2019-05-07 16:30:37","У полиции Армении появился патрульный Dodge Charger 

Подробнее: https://drom.ru/s/Hpf",1
5859,69490912283516,"2019-05-07 17:30:33","#объявадня 
Jeep Grand Cherokee, 2012 год 
2 450 000 ₽ 
⠀ 
Всю информацию можете найти на сайте — https://drom.ru/s/OFt",1
5858,69491092704124,"2019-05-07 18:32:07","Пора продавать Ford? Или покупать?

Читайте на сайте: https://drom.ru/s/iAp",1
5857,69491249335164,"2019-05-07 19:30:27","Российским дорожникам разрешат класть асфальт в мороз, снег и дождь

Подробнее: https://drom.ru/s/pMm",1
5856,69491407145852,"2019-05-07 20:30:38","В небольшом американском городке Аугуста шериф спешил на вызов на патрульном Форде Краун Виктория, но забыл включить проблесковый маячок. На одном из перекрёстков такая оплошность привела к довольно нелепому ДТП. Никто серьёзно не пострадал.",1
5855,69494082128764,"2019-05-08 14:18:21","УАЗ начал продажи экспедиционного Хантера

Подробнее: https://drom.ru/s/ZBA",1
5854,69494242102140,"2019-05-08 15:12:11","Китай разрешил вывоз подержанных автомобилей (это увеличит продажи новых)

Подробнее: https://drom.ru/s/jBc",1
5853,69494551890812,"2019-05-08 16:44:00","Toyota рассказала, сколько бы стоила Supra без участия BMW

Подробнее: https://drom.ru/s/V6U",1
5852,69494756428668,"2019-05-08 17:56:52","Спорткар Tagaz Aquila протестировал Стиг из Top Gear (не шутка)

Подробнее: https://drom.ru/s/m16",1
5851,69495182281596,"2019-05-08 20:09:12","Tesla Model 3 смогла избежать столкновения благодаря автоматическому маневрированию

Смотрите видео: https://drom.ru/s/WPX",1
5850,69495523855228,"2019-05-08 22:08:50","Китайцы выпустили электрический минивэн на базе старого Альфарда

Подробнее: https://drom.ru/s/KQ6",1
5849,69499424557948,"2019-05-09 16:51:40","Ветеран войны с полувековым водительским стажем впервые получил права в 96 лет

Подробнее: https://drom.ru/s/x5R",1
5848,69499651443580,"2019-05-09 18:01:54","Porsche заплатит €535 млн за махинации с дизельными двигателями

Подробнее: https://drom.ru/s/JPn",1
5847,69500031159164,"2019-05-09 19:52:11","Сравниваем последний кабриолет ЗИЛ и первый кабриолет Аурус

Читайте на сайте: https://drom.ru/s/kge",1
5846,69500260797308,"2019-05-09 21:01:33","Появились фото прототипа рестайлингового внедорожника Lexus GX

Все фото: https://drom.ru/s/KNQ",1
5845,69502674291580,"2019-05-10 14:07:10","FIAT Chrysler провёл конкурс среди студентов-дизайнеров: фото лучших работ

Все работы: https://drom.ru/s/4En",1
5844,69502831709052,"2019-05-10 15:10:20","Стало известно, как будет называться серийный электрокар Honda с дизайном, как у «Айфонов»

Подробнее: https://drom.ru/s/lGQ",1
5843,69503038540668,"2019-05-10 16:20:22","Volkswagen начал приём заказов на электромобиль ID.3

Подробнее: https://drom.ru/s/Whe",1
5842,69503252122492,"2019-05-10 17:30:36","Блог Рено Каптур. Что лучше: чип-тюнинг с «механикой» или «автоматом»? 

Читайте новый пост на сайте: https://drom.ru/s/drX",1
5841,69503446961020,"2019-05-10 18:40:22","Авторадиопутешествие на Горный Алтай из Кыштыма Челябинской области

Читайте новые заметки о путешествии: https://drom.ru/s/zPp",1
5840,69506961066876,"2019-05-11 18:33:20","Microsoft научит автомобили BMW разговаривать

Подробнее: https://drom.ru/s/aBi",1
5839,69507140766588,"2019-05-11 19:39:20","Самые продаваемые дизельные кроссоверы России: опубликован список

Смотрите по ссылке: https://drom.ru/s/V3q",1
5838,69507413986172,"2019-05-11 21:22:09","Исследование: насколько действительно экологичны электромобили?

Читать: https://drom.ru/s/ah5",1
5837,69510924356476,"2019-05-12 20:07:31","Nissan President 1978 года: сток против не стока.

Читайте новый отзыв от автовладельца: https://drom.ru/s/2j8",1
5836,69511113624444,"2019-05-12 21:10:20","Поездка в Финляндию на электромобиле Ниссан Лиф

Читайте новые заметки о путешествии: https://drom.ru/s/MbJ",1
5835,69513802042236,"2019-05-13 15:52:03","Анархист. Тестируем самодельную «Ламбо» родом из СССР

Читайте на сайте: https://drom.ru/s/PwE",1
5834,69513977875324,"2019-05-13 17:02:26","Узаконить тюнинг можно будет через портал госуслуг

Подробнее: https://drom.ru/s/zZ2",1
5833,69514113731452,"2019-05-13 18:02:08","В Японии начались тесты нового «поезда-пули». Он разгоняется до 360 км/ч

Подробнее: https://drom.ru/s/J3c",1
5832,69514291989372,"2019-05-13 19:11:50","В Белоруссии разработали новый сверхтяжелый тягач (гражданский)

Подробнее: https://drom.ru/s/y4R",1
5831,69514456288124,"2019-05-13 20:10:20","Geely Atlas 2018 года: европеец с китайским акцентом.

Читайте новый отзыв от автовладельца: https://drom.ru/s/GAl",1
5830,69515015768956,"2019-05-13 23:27:41","Суд признал «обочечника» виновным в ДТП со встречным автомобилем

Подробнее: https://drom.ru/s/OO4",1
5829,69516841798524,"2019-05-14 12:45:59","Прокуратура займется проверкой частных комплексов фотофиксации

Подробнее: https://drom.ru/s/cvN",1
5828,69516952882044,"2019-05-14 13:45:21","Mazda объявила о разработке рядных 6-цилиндровых моторов. Марка стремится в премиум

Подробнее: https://drom.ru/s/OAO",1
5827,69517089459068,"2019-05-14 14:45:20","Авторынок в апреле: продолжение «чехарды» (снова минус)

Подробнее: https://drom.ru/s/36W",1
5826,69517274336124,"2019-05-14 15:45:20","#объявадня 
Mazda RX-7, 1995 год
1 200 000 ₽ 
⠀ 
Всю информацию можете найти на сайте — https://drom.ru/s/JVt",1
5825,69517451545468,"2019-05-14 16:45:21","Citroen празднует 100-летие футуристическим электрокаром с ёмкой батареей

Подробнее о новинке: https://drom.ru/s/fzG",1
5824,69517663751036,"2019-05-14 18:02:38","Volkswagen работает над новым кроссовером на базе хэтчбека Polo

Подробнее: https://drom.ru/s/B2u",1
5823,69517821561724,"2019-05-14 19:02:08","Заправился некачественным топливом: как понять и что делать?

Читайте на сайте: https://drom.ru/s/pex",1
5822,69520547859324,"2019-05-15 13:05:39","Данные с датчиков ЭРА-ГЛОНАСС предложили собирать и хранить

Подробнее: https://drom.ru/s/kw2",1
5821,69520730704764,"2019-05-15 14:14:09","Toyota подала в правительство РФ заявку на подписание специнвестконтракта

Подробнее: https://drom.ru/s/IOT",1
5820,69520887794556,"2019-05-15 15:02:47","Минфин разрабатывает законопроект по отмене двух коэффициентов ОСАГО

Подробнее: https://drom.ru/s/afe",1
5819,69521086827388,"2019-05-15 16:03:52","Таможня зафиксировала спад импорта и шквальный рост экспорта автомобилей

Подробнее: https://drom.ru/s/5I9",1
5818,69521279372156,"2019-05-15 17:03:33","Какие виды наземных парковок существуют в Японии?

Смотрите новое видео на канале Drom Fun: https://drom.ru/s/ssK",1
5817,69521456253820,"2019-05-15 18:02:13","#объявадня 
BMW 6-Series, 2003 год
1 500 000 ₽ 
⠀ 
Всю информацию можете найти на сайте — https://drom.ru/s/mzO",1
5816,69521658825596,"2019-05-15 19:02:55","Дума в первом чтении одобрила увеличение срока для пьяных виновников ДТП до 15 лет

Подробнее: https://drom.ru/s/5Dj",1
5815,69521845078908,"2019-05-15 20:01:53","«Спорт» за миллион: Vesta Sport против турбо-Рапида и Toyota GT86 (б/у)

Читайте на сайте: https://drom.ru/s/WD1",1
5814,69524496993148,"2019-05-16 13:09:57","Ввоз правого руля опять подорожает за счёт кратного роста стоимости СБКТС

Подробнее: https://drom.ru/s/KGq",1
5813,69524696091516,"2019-05-16 14:29:18","Первый Haval русской сборки: объявлены комплектации

Подробнее: https://drom.ru/s/f9E",1
5812,69524867271548,"2019-05-16 15:32:18","В Литве задержали автовоз из России, который «под прикрытием» новых авто вез вредную контрабанду (ВИДЕО)

Смотреть: https://drom.ru/s/Kp9",1
5811,69525038254972,"2019-05-16 16:30:47","Новые украинские полицейские разбили больше половины патрульных Приусов

Подробнее: https://drom.ru/s/rpc",1
5810,69525411810172,"2019-05-16 18:31:45","На «АвтоВАЗе» зафиксировали масштабное хищение запчастей

Подробнее: https://drom.ru/s/Scd",1
5809,69525939243900,"2019-05-16 21:42:25","Вся правда о каршеринге — новое видео на Дром Фан

Смотреть: https://drom.ru/s/QAI",1
5808,69526111144828,"2019-05-16 22:44:26","В гостях у «дяди Васи». Какой ремонт приносит больше денег?

Читайте на сайте: https://drom.ru/s/yvM",1
5807,69528213867388,"2019-05-17 13:18:00","Интерьер Volkswagen Golf раскрыт: больше никаких рендеров

Фото с подробностями: https://drom.ru/s/5lI",1
5806,69528423189372,"2019-05-17 14:34:08","Готовящийся к запуску российский завод Haval «благословил» губернатор Тульской области

Подробнее: https://drom.ru/s/HSq",1
5805,69528553737084,"2019-05-17 15:19:58","Слишком быстрый: Ford ограничил скорость 280-сильному универсалу Focus ST нового поколения

Подробнее: https://drom.ru/s/g4J",1
5804,69528885480316,"2019-05-17 17:04:34","Toyota озвучила статистику продаж автомобилей с «механикой». Цифры удивляют

Смотрите сами: https://drom.ru/s/bPR",1
5803,69529035557756,"2019-05-17 17:54:48","Suzuki Jimny двух поколений (1981–2018 гг.). Маленький, да удаленький?

Читайте на сайте: https://drom.ru/s/kHT",1
5802,69529220369276,"2019-05-17 19:03:10","Один из крупнейших страховщиков ОСАГО лишился лицензии

Подробнее: https://drom.ru/s/dsO",1
5801,69536568527740,"2019-05-19 18:13:25","В США полиция до сих пор использует Ford Mustang 1993 года

Подробнее: https://drom.ru/s/1CP",1
5800,69536760155004,"2019-05-19 19:02:40","Родстер «Крым»: жив и получит новый дизайн

Подробнее: https://drom.ru/s/iDA",1
5799,69536934087548,"2019-05-19 20:01:29","Россияне выбрали 23 автомобиля 2019 года

Подробнее: https://drom.ru/s/IAz",1
5798,69537413352316,"2019-05-19 22:29:53","Новые Skoda Superb и Octavia Combi лишились камуфляжа

Больше фото: https://drom.ru/s/ZkL",1
5797,69541000989564,"2019-05-20 21:49:49","Крутой папаша среди кроссоверов. Первый тест-драйв Kia Telluride

Читайте на сайте: https://drom.ru/s/ehI",1
5796,69548748917628,"2019-05-22 20:43:19","Новая Toyota Supra получила «правильный» тюнинг от TRD. Цена, правда, кусается

Все фото: https://drom.ru/s/aMS",1
5795,69548893752188,"2019-05-22 21:30:33","Топливный союз бьёт тревогу: оптовые цены на бензин стремительно растут

Подробнее: https://drom.ru/s/bRP",1
5794,69548991990652,"2019-05-22 22:02:30","КАМАЗ сертифицировал грузовик нового поколения — с кабиной от Актроса

Подробнее: https://drom.ru/s/UB7",1
5793,69549078825852,"2019-05-22 22:30:34","ГИБДД начнёт выявлять автомобили-двойники

Подробнее: https://drom.ru/s/TmO",1
5792,69551349255036,"2019-05-23 14:01:09","Land Cruiser Prado потерял лидерство на авторынке Дальнего Востока

Подробнее: https://drom.ru/s/3xE",1
5791,69551526595452,"2019-05-23 15:03:43","Toyota возродила модель Granvia

Подробнее: https://drom.ru/s/OJe",1
5790,69551690566524,"2019-05-23 16:04:39","В России начались продажи Zotye T600 с заводским ГБО

Подробнее: https://drom.ru/s/Fto",1
5789,69555140840316,"2019-05-24 13:40:22","Mercedes-Benz SL 500 «Волкодав»: зверь в ретрошкуре

Больше фото и история этого авто: https://drom.ru/s/FAn",1
5788,69555401018236,"2019-05-24 15:09:30","В Беларуси начались продажи конкурентов ГАЗели от МАЗа

Подробнее: https://drom.ru/s/i55",1
5787,69555606342524,"2019-05-24 16:10:20","Официально: автомобили Ravon будут собирать в России

Подробнее: https://drom.ru/s/TxW",1
5786,69555765660540,"2019-05-24 17:10:20","Тахографы задействуют в предрейсовом контроле

Подробнее: https://drom.ru/s/5ZZ",1
5785,69555935071100,"2019-05-24 18:10:21","В России объявлен массовый отзыв Ford Explorer — очень опасный дефект подвески

Подробнее: https://drom.ru/s/2mb",1
5784,69559915072380,"2019-05-25 19:46:19","«Народный арт-перформанс» — житель Хабаровска в знак протеста против длительного отключения воды в его доме решил устроить заплыв в строительном котловане, который раскинулся посреди дороги.",1
5783,69560009051004,"2019-05-25 20:15:21","Ravon на «Дервейсе»: мы узнали модели!

Подробнее: https://drom.ru/s/UxC",1
5782,69560190192508,"2019-05-25 21:15:22","ГИБДД научится автоматически выявлять «лишенцев» на дорогах

Подробнее: https://drom.ru/s/UJX",1
5781,69564051049340,"2019-05-26 21:33:57","Вдохновляющий пример помощи случайных свидетелей ДТП. В Чеховском районе Московской области мотоциклист врезался в легковушку и попал под её колеса. Инцидент произошёл 21 мая неподалёку от деревни Крюково, когда девушка, сидевшая за рулём автомобиля Kia, выехала со второстепенной дороги перед несущимся мотоциклом. Произошло столкновение, и 25-летний водитель мотоцикла попал под колёса автомобиля, продолжавшего двигаться. Свидетель происшествия, идущий с маленьким сыном на плечах, мгновенно сориентировался, опустил ребенка на землю, подбежал к машине и остановил её. Затем мужчина криками подозвал к себе прохожих, и через считаные секунды они совместными усилиями подняли машину и спасли мотоциклиста. Его отправили в больницу.",1
5780,69566729636732,"2019-05-27 14:56:33","МВД хочет забирать авто у пьяных. Что?!

Разбираемся в новой инициативе: https://drom.ru/s/Iey",1
5779,69566973496188,"2019-05-27 16:13:23","Автомобили Hyundai, Kia и Genesis станут не похожими друг на друга

Подробнее: https://drom.ru/s/xwY",1
5778,69567152933756,"2019-05-27 17:10:05","«АвтоВАЗ» отзывает XRAY Cross из-за опасного дефекта рулевого управления

Подробнее: https://drom.ru/s/sDr",1
5777,69567735024508,"2019-05-27 20:40:18","#объявадня

https://drom.ru/s/jcM

Чудесное транспортное средство продается в Увельском районе Челябинской области и на Drom. Зеленый броневик на шасси ГАЗ-67! Повторить выступление Ильича? Повторить подвиг Химайера? Участвовать в страйкбольных маневрах? Поразить жену до глубины души? Потратить миллион рублей самым оригинальным способом? Все это — реплика бронемашины БА-64б.
А вы посмотрите на этот шанцевый инструмент, заботливо выкрашенный в цвет кузова!",1
5776,69568132238204,"2019-05-27 23:04:42","Красная машина домчалась до полуфинала! Сборная РФ по хоккею завоевала бронзу на ЧМ-2019, второе место — у канадцев, первое — у финнов.
У нас один вопрос: о чем вы думаете, когда слышите фразу «Красная машина»?",1
5775,69568355257212,"2019-05-28 00:14:50","«АвтоВАЗ» отзывает XRAY Cross из-за опасного дефекта рулевого управления. Завод уже разослал предписания своим дилерам. На автомобилях будут бесплатно менять промежуточный вал.

В предписании №23-19 от 24.05.19 г. «Об устранении несоответствия ЭУРУ» говорится: Срочно отозвать из эксплуатации автомобиль из списка и доставить его эвакуатором на территорию дилерского центра. При необходимости воспользоваться программой «Лада помощь на дороге». На автомобиле необходимо провести работы по замене вала промежуточного. Информация о доставке вала промежуточного и оформлению АГО будет сообщена дополнительно».

«Пожарная» риторика письма недвусмысленно указывает на серьёзные последствия дефекта — машина попросту может внезапно стать неуправляемой.",1
5774,69568727436156,"2019-05-28 02:01:05","Чтобы выделиться на дороге, не обязательно покупать красный спорткар ?",1
5773,69569195035516,"2019-05-28 04:01:21","MG Metro 6R4 — это полный привод, среднемоторная компоновка и до 700 лошадиных сил! Если бы «Группу Б» не запретили в 1987-м, он бы и сегодня мог надрать зад немцам и итальянцам.",1
5772,69571044920188,"2019-05-28 18:06:34","#объявадня

https://drom.ru/s/1KJ

Mustang 1968 в идеальном состоянии подходит для ежедневной езды. Про машину можно не говорить — многие из нас мечтают о «Мустанге» ? В этом объявлении интереснее всего комментарии: «Предлагаю обмен Вашего авто на щебень фракции 0-20 в количестве 300 тысяч тонн». Обязательно почитайте — там еще много веселого ?",1
5771,69571597257596,"2019-05-28 21:15:17","Нам кажется, или в последнее время таксисты совсем страх потеряли?",1
5770,69572083010428,"2019-05-29 00:11:27","Пусть тот, кому кажется, что Tiguan будет плохо выглядеть с антикрылом, первый бросит в нас камень! Встреча GTI-фанов на Вёртер-Зе продолжает радовать нас сочными фотографиями.
«Тигуаны» на «Дроме»: https://drom.ru/s/WSo",1
5769,69574590286716,"2019-05-29 17:31:44","В сети появились фотографии Kia Xceed, кроссоверной версии семейства Ceed.

По фотографиям видно, что у кроссовера по сравнению с хэтчбеком другие передний бампер, капот, решётка радиатора, головная оптика и противотуманные фары, появились рейлинги на крыше, а вот зеркала, судя по всему, у кроссовера и хэтчбека идентичные.

Также видно, что у Xceed другая подоконная линия, разнятся и стойки крыши, задняя дверь, фонари, стёкла, присутствует накладка под бампером в форме псевдодиффузора, в которую вмонтированы патрубки выхлопной системы.

Технические характеристики Xceed пока держатся в секрете, но, скорее всего, гамма двигателей вряд ли будет отличаться от остальных модификаций Ceed.",1
5768,69574948178812,"2019-05-29 19:26:16","Какой техники в армии ?? больше всего: танков, самолетов, катеров, БТР? Нет! Самая распространенная в войсках техника — автомобили. 
Кто служил водителем — шаг вперед!

Сегодня — День военного автомобилиста. Поздравляем всех причастных!",1
5767,69575110970236,"2019-05-29 20:20:29","#объявадня

https://drom.ru/s/g8Z",1
5766,69575562120060,"2019-05-29 23:01:07","А если нет разницы, то зачем платить больше? ?",1
5765,69575913327484,"2019-05-30 01:05:04","Что интересного произошло в автомобильном мире сегодня, 29 мая?
? Вслед за обычной 1-Series показали и BMW X1. Ноздри стали еще больше: https://drom.ru/s/KUs
? Подъехали шпионские фотки новой «Октавии». Симпатично: https://drom.ru/s/hxY
? Гаишники хотят изменить штрафы. Не подумайте, что речь про снижение: https://drom.ru/s/yoL
? И еще одна интересная новость: сразу много компаний жалуются в ФСБ на суды Краснодара. Жара: https://drom.ru/s/vAc",1
5764,69578141485948,"2019-05-30 16:30:31","1 июля 2019 должен был вступить в действие ГОСТ 33670-2015, регламентирующий методы экспертизы и сертификационных испытаний так называемых единичных транспортных средств. То есть, тех, что ввозятся в Россию и другие страны Евразийского экономического союза (ЕАЭС) частным образом. Прежде всего это относится к автомобилям с правым расположением руля.

По нашей информации, полученной от источника в Минпромторге, срок введения новых правил сертификации «единичных» автомобилей переносится как минимум на год, в значительной степени из-за неготовности соответствующей инфраструктуры на Дальнем Востоке РФ.

Подробнее об изменениях — https://drom.ru/s/xMH",1
5763,69578315287420,"2019-05-30 17:30:21","Hyundai Tucson 2018 года: впечатления после года владения, чего не хватает в динамике и почему этот автомобиль не подойдёт крупным людям.

Читайте новый отзыв от автовладельца: https://drom.ru/s/By1",1
5762,69578463791996,"2019-05-30 18:23:24","#объявадня

https://drom.ru/s/sRF",1
5761,69579008920444,"2019-05-30 21:34:29","На автомобилях JLR будет самовключающийся подогрев руля. Теперь у владельцев «Ягуаров» и «Рейнжей» будет подгорать сразу в нескольких местах ?
Подробнее: https://drom.ru/s/pyT",1
5760,69579386538876,"2019-05-30 23:33:16","Друзья, мы тут нашли красивую фотографию, но никак не можем узнать автомобиль. Что это: Honda Legend или Peugeot 607? Ммм… Chevrolet Malibu? В общем, ваши варианты в комментарии! Не забываем правильно называть не только марку, но и модель и номер кузова!",1
