id,remoteId,createdAt,caption,mediaType,mediaUrl,accountId
424,"1,78521358123634E+016",2019-03-01 14:25:49,"На Камском автозаводе отметили первую годовщину проекта «ZAVODчанки», в рамках которого пресс-служба компании выискивает в подразделениях завода красивых девушек и фотографирует их.
⠀
«Первый выпуск проекта, главными героинями которого стали девушки с производств «КАМАЗа», вышел 14 февраля 2018 года. За это время участие в проекте приняли 44 девушки из 11 заводов и подразделений компании. На создание выпусков затрачено свыше 200 часов рабочего времени. Сделано более 40 тысяч фотоснимков. Отснят видеоматериал продолжительностью в 100 часов», — сообщает пресс-служба автогиганта.
⠀
Утверждается, что проект очень понравился публике, что благотворно сказывается на имидже «КАМАЗа».",CAROUSEL_ALBUM,https://scontent.xx.fbcdn.net/v/t51.2885-15/52810530_559806747854383_4670009597257509254_n.jpg?_nc_cat=111&_nc_oc=AQkGljQM9aI0zL-hYXxvagjUeI8cb5kty09Hylj-KISRbr4r1rVFhXx5AwLJTm8-6l0&_nc_ht=scontent.xx&oh=5ed10bca4aa4a055aa636532ebf4d5fc&oe=5DCAFAE3,1
423,"1,79748124452109E+016",2019-03-01 19:01:41,"#объявадня
ЗИЛ-41047, 1988 год
15 999 000 ₽
⠀
Ссылку на объявление ищите в Stories.",CAROUSEL_ALBUM,https://scontent.xx.fbcdn.net/v/t51.2885-15/52971485_127380841655032_1688715133331531994_n.jpg?_nc_cat=102&_nc_oc=AQk8xEG4ZresmbPcSlTcw3DRisrGdSJqFwpN1qeRytRE7e3eq2VkK28ombv2zqLBZ8U&_nc_ht=scontent.xx&oh=b0692d749827d58abcf6a2b22211a7cc&oe=5DD5AF6D,1
422,"1,8022841194118E+016",2019-03-01 23:03:38,Девушка жалуется спутнику на неполадки в своем автомобиле.,VIDEO,https://scontent.xx.fbcdn.net/v/t50.2886-16/53601971_146336796387514_7030023553602384828_n.mp4?_nc_cat=105&_nc_oc=AQkc0lbT39JBJNpALmXt5ia0Wq7kt7eox6GK1u9WQJOp4344X5MQs7dq8aZrfgC6bv4&_nc_ht=scontent.xx&oh=799e1847991eec3db22a4c55ec484b13&oe=5DC7B3C3,1
421,"1,80404890750623E+016",2019-03-03 19:46:55,"#объявадня
Mercedes-Maybach S450 4MATIC, 2017 год
8 850 000 ₽
⠀
Ссылку на объявление ищите в Stories.",CAROUSEL_ALBUM,https://scontent.xx.fbcdn.net/v/t51.2885-15/52348587_326794821286328_8679489173288036960_n.jpg?_nc_cat=107&_nc_oc=AQljVhMOZbZcKZJP7GtsAO7CUyKOcKQcledDgQkooybSAWADKFPFUefEe3YDO7CD_yU&_nc_ht=scontent.xx&oh=e73411d853bca52ae2eef56d15ff44aa&oe=5DD16C16,1
420,"1,80398635990058E+016",2019-03-04 00:02:46,"Недавно мы публиковали видео из Сингапура, на котором из-за дорожного конфликта водитель грузовичка толкнул велосипедиста машиной на разделительную полосу. Вот еще одно видео из этой страны: здесь уже другие водитель грузовика и велосипедист не поделили дорогу, но в этот раз получил водитель. Похоже, у них там какая-то война.",VIDEO,https://scontent.xx.fbcdn.net/v/t50.2886-16/53730787_2237304893195743_1167114797284657860_n.mp4?_nc_cat=109&_nc_oc=AQnqMf2jbSku05EEmssZPzwNfCZWtv8_PesSVDiWoiaukEmbwNjZvo81vB_Web4YIto&_nc_ht=scontent.xx&oh=37eaa133fa7c228f98747d91a029b61a&oe=5DD24D41,1
419,"1,8009477349145E+016",2019-03-04 16:02:31,"#объявадня
Pontiac Firebird, 1997 год
1 000 000 ₽
⠀
Ссылку на объявление ищите в Stories.",CAROUSEL_ALBUM,https://scontent.xx.fbcdn.net/v/t51.2885-15/52303413_821034911568624_5328098831198605853_n.jpg?_nc_cat=101&_nc_oc=AQm_z5ZIaW6rr5hUHgHU5Te0O4W4iURMXryDMI70siQ7Yyq3wOmOJiEBIUsHVu85YDw&_nc_ht=scontent.xx&oh=93941947d909a55599903332b1649a17&oe=5DC893C8,1
418,"1,79661350322366E+016",2019-03-05 00:01:22,ЖЕНЯ,VIDEO,https://scontent.xx.fbcdn.net/v/t50.2886-16/53735503_362263884362949_8939040262609316964_n.mp4?_nc_cat=111&_nc_oc=AQn-GOURocANsQDnzadH2MnuelexGtzkyL7BlGqdEfh-yAK-fus6qfYDq9D5dcHE-Mo&_nc_ht=scontent.xx&oh=19d9ec4a823474dde59cb0e482c34083&oe=5DCA4F79,1
417,"1,7931896227276E+016",2019-03-05 12:32:07,"Итальянская дизайнерская компания GFG Style разработала и построила к международному автосалону в Женеве необычный суперкар Kangaroo («кенгуру»).
⠀
Облик GFG Kangaroo выполнен по традиционным суперкаровским канонам — низкая крыша, приземистый силуэт, динамичный профиль. Но на самом деле этот автомобиль хорошо подготовлен для езды по бездорожью — у него регулируемая подвеска, которая имеет три режима: Racing (клиренс 140 мм), Road (190 мм) и Off-Road (260 мм).
⠀
Несущая структура и все наружные панели кузова Kangaroo ради снижения веса выполнены из углепластика. В движение автомобиль приводит полностью электрическая силовая установка, которую составляют два двигателя (по одному на ось) совокупной мощностью 360 кВт (483 л.с.) и литий-ионная батарея емкостью 90 кВт*ч. На одном заряде батареи машина может проехать до 450 километров. С нуля до 100 км/ч GFG Kangaroo рагоняется всего за 3,8 секунды, максимальная скорость суперкара ограничена на уровне 250 км/ч. Привод — постоянный полный. Силовая установка разработана в сотрудничестве с китайской инжиниринговой компанией CH Auto.
⠀
Kangaroo — это не просто ходовой, это полностью рабочий прототип. Однако о возможности его тиражирования в производстве пока ничего не сообщается.
⠀
Как вам новинка? Для рыбалки пойдёт?",CAROUSEL_ALBUM,https://scontent.xx.fbcdn.net/v/t51.2885-15/51870119_625588707865662_4297244993302327032_n.jpg?_nc_cat=105&_nc_oc=AQmhhna8UHPBY3kTWDZieFlwBV6Bg36VAl5QfBBf8EoN8VPRu34ie9sFZ4_n0wwOvxc&_nc_ht=scontent.xx&oh=6d19e4e15690b69a9c4303b4db9d0640&oe=5DCF6F0C,1
416,"1,80211196501211E+016",2019-03-05 14:30:32,"#объявадня
Toyota Mark II, 1997 год
1 100 000 ₽
⠀
Ссылку на объявление ищите в Stories.",CAROUSEL_ALBUM,https://scontent.xx.fbcdn.net/v/t51.2885-15/51807997_407968156644400_7494558979702789471_n.jpg?_nc_cat=103&_nc_oc=AQmWJVk1rRh_FFH9mEbO6SucobL-wlnik2h5amqaR23wFn2K3pPNNEBi-cVO3Zh8IXE&_nc_ht=scontent.xx&oh=89d12706b33eeaf602a3825715754a1f&oe=5DD0E66E,1
415,"1,79222454073051E+016",2019-03-06 13:37:44,"Французская компания Bugatti представила на Женевском автосалоне суперкар, созданный по мотивам классического купе Type 57 SC Atlantic Жана Бугатти середины 30-х годов прошлого столетия.
⠀
Машина оснащена ультрасовременной оптикой с большим количеством светодиодных элементов, уникальным лобовым стеклом, которое плавно перетекает в боковые, а также шестиствольным выхлопом. Шасси и внешние кузовные панели изготовлены из углепластика.
⠀
Поскольку La Voiture Noire построен в единственном экземпляре, все его элементы были изготовлены вручную. Кстати, французы решили не показывать интерьер автомобиля журналистам и спрятали его от посторонних камер за зеркальной тонировкой.
⠀
Под капотом у La Voiture Noire располагается 8,0-литровый W16 с квартетом турбин, его мощность составляет 1500 л.с.
⠀
La Voiture Noire еще не успели представить публике, как её уже выкупил один из частных коллекционеров. Официально его имя держится в тайне, но, по данным зарубежных коллег, им стал сам экс-руководитель Volkswagen Group Фердинанд Пиех, который, согласно слухам, заплатил за него 11 миллионов евро.",CAROUSEL_ALBUM,https://scontent.xx.fbcdn.net/v/t51.2885-15/52851243_613905882413550_5212548386930899859_n.jpg?_nc_cat=100&_nc_oc=AQnoK_VgoseZopH3zbiVYCbcsOAXkRN1-B3NHZYRCgGNz-62ek8PLWYIeBYPgzfaOyE&_nc_ht=scontent.xx&oh=7b2d38271476561caf1cbe8ca0fb7895&oe=5DC81CD4,1
414,"1,80372597760649E+016",2019-03-06 22:02:03,"#объявадня
Lexus LX570, 2012 год
4 150 000 ₽
⠀
Ссылку на объявление ищите в Stories.",CAROUSEL_ALBUM,https://scontent.xx.fbcdn.net/v/t51.2885-15/51734360_124729905266200_6698913917697911969_n.jpg?_nc_cat=103&_nc_oc=AQk4SYdG9o09kisLUUW-MOjNNSRzTYkJMnRgrwVZJKEMaCb0uO_OYHkAs3yuXyL_BmA&_nc_ht=scontent.xx&oh=1ad9198bd994221caac55fabd41cd5df&oe=5DE87B1E,1
413,"1,80257699291032E+016",2019-03-07 12:55:38,"Одной из самых мощных, дорогих и эксклюзивных премьер Женевского автосалона стал гиперкар Koenigsegg Jesko. Новинка названа в честь отца основателя компании Кристиана фон Кенигсегга, 80-летнего Йеско фон Кенигсегга. Он вместе со своей супругой Бритой присутствовал на церемонии презентации купе в сердце Швейцарии.
⠀
Для создания автомобиля, названного в честь собственного отца, Кристиан фон Кенигсегг использовал самые передовые технологии и наработки.
⠀
Мотор для Jesko был создан на основе прошлых ДВС Koenigsegg, но в нём многое изменилось. 5,0-литровый V8 выдает 1280 л.с. на обычном бензине и 1600 на биотопливе Е85. Максимальная скорость — 482 км/ч.
⠀
Ещё одной интересной технической особенностью Koenigsegg Jesko стала роботизированная коробка передач Light Speed Transmission, разработанная силами самой компании. Она обладает девятью скоростями и якобы способна переключаться между всеми передачами со скоростью, близкой к скорости света.
⠀
Ценник будет стартовать с отметки 3 000 000 долларов без учета налогов. Производство начнется в 2021 году и при планируемом темпе выпуска по 40–50 экземпляров в год продлится несколько лет.",CAROUSEL_ALBUM,https://scontent.xx.fbcdn.net/v/t51.2885-15/53585359_414970175972976_7121229137083761426_n.jpg?_nc_cat=103&_nc_oc=AQmOZOT7omFaxcG4kNM8OVnWPFVownhUkCTJteZqhJ7xZ1mNJf53eNDy1Lugbklj8qY&_nc_ht=scontent.xx&oh=0fc837c91c05c6df7c22e4b6fd10c34b&oe=5DE45933,1
412,"1,80069699341609E+016",2019-03-08 02:06:00,"В Харькове, Украина, не поделили дорогу... два трамвая. Да, бывает и такое.",VIDEO,https://scontent.xx.fbcdn.net/v/t50.2886-16/53741961_151712975837144_2647653968187608707_n.mp4?_nc_cat=109&_nc_oc=AQk_PG-Rzsug_vTUpJw7n-zXVPUZbPLp1LPksHZVeVwGGCUoeiPDwusiVK_2Z6g_ds0&_nc_ht=scontent.xx&oh=0cb8ef901e579cc9d6f590b3070e93e1&oe=5DD85A50,1
411,"1,78558944403604E+016",2019-03-08 10:45:39,"Дорогие дамы! Аминистрация сайта drom.ru поздравляет вас с Международым женским днём! Желаем много любви, счастья, весеннего тепла и удачи на дороге!
⠀
И пусть, если вас и останавливают сотрудники ДПС, то только для того, чтобы признаться в любви.
⠀
С праздником!",IMAGE,https://scontent.xx.fbcdn.net/v/t51.2885-15/52082766_150280882658667_5929725610037012928_n.jpg?_nc_cat=101&_nc_oc=AQkPlAGcF7-tKMQVaLYBL3-X3oPwiunWkD1OGnJQcfUg7r4pVNLiQocg5X1JMackpO8&_nc_ht=scontent.xx&oh=7bad34088bde1cce6c3768a8d58f5352&oe=5DD85A48,1
410,"1,79476289322625E+016",2019-03-08 17:03:12,"В народе существует такое понятие как ""женский автомобиль"". Кто-то думает, что у такого авто должен быть приятный внешний вид, другие - удобный салон, последние думают, что некоторые компактные модели предназначены только для девушек. А что думаете вы? Какой автомобиль у вас ассоциируется с ""женским""? Пишите в комментариях!",IMAGE,https://scontent.xx.fbcdn.net/v/t51.2885-15/54732252_322585065126914_7270065123713950577_n.jpg?_nc_cat=106&_nc_oc=AQl4cYITIgV02OjNUU5FQr3rtSsk0XQ6fWbEhlENviUV6VLIbWlDUm2O1SGStM9qiwk&_nc_ht=scontent.xx&oh=aa3024d7da894f6ab68b0d95475fa7b6&oe=5DD4F361,1
409,"1,80134469821302E+016",2019-03-09 15:04:15,"#объявадня
Mitsubishi Lancer Evolution, 2000 год
3 990 000 ₽
⠀
Ссылку на объявление ищите в Stories.",CAROUSEL_ALBUM,https://scontent.xx.fbcdn.net/v/t51.2885-15/53058123_122196182250478_824899598886863680_n.jpg?_nc_cat=103&_nc_oc=AQn3s6OwE-e-BidJet8UQSIlKt_2paQeFoaHPKI37RFfRNS2H-bpIrnEUalU8lCEBHU&_nc_ht=scontent.xx&oh=9929a943a7cec1e2bdffbe833ab37cf2&oe=5DE7B9E3,1
408,"1,80270654250968E+016",2019-03-10 17:14:40,"В московском парке Сокольники открылась выставка ретроавтомобилей — Олдтаймер-галерея Ильи Сорокина.
⠀
В этот, 28-й раз, выставка разместилась в двух павильонах и включила в себя не только экспозицию ретроавтомобилей, но и Фестиваль технических музеев. А в последний день пройдёт автоаукцион.
⠀
Некоторые фотографии с выставки сегодня в нашей подборке.",CAROUSEL_ALBUM,https://scontent.xx.fbcdn.net/v/t51.2885-15/53248510_2105976492825341_2886435884266304606_n.jpg?_nc_cat=104&_nc_oc=AQkNCW1L6sGsu6wV0KTo6ljst6LNmlqT_fGRD_msPFetnhfD3P2sx5GW2A1uaaeze5s&_nc_ht=scontent.xx&oh=f7259645c2e4f5c121d100a65478a1ad&oe=5DE82CD8,1
407,"1,79672590032325E+016",2019-03-10 21:41:08,"#объявадня
ЗАЗ Запорожец, 1987 год
1 000 000 ₽
⠀
Ссылку на объявление ищите в Stories.",CAROUSEL_ALBUM,https://scontent.xx.fbcdn.net/v/t51.2885-15/51810488_121830155622973_4993255878859055355_n.jpg?_nc_cat=105&_nc_oc=AQndyHUWusoOGnGlOVe5ONhTJEBIjI6Azu2RI6OhxsdOFu611zZalq1QLmEi0FZaz9Y&_nc_ht=scontent.xx&oh=0dd47caeddb145a77a1196871620571b&oe=5DD447F5,1
406,"1,80081427391608E+016",2019-03-10 23:48:59,"Пешеход разыграл случайного водителя: во время перехода дороги он изобразил, что перешагивает через какое-то препятствие, чем немало озадачил автомобилиста.",VIDEO,https://scontent.xx.fbcdn.net/v/t50.2886-16/54194535_2335615656669022_3812096364089774311_n.mp4?_nc_cat=103&_nc_oc=AQmzk7CfN2z7zSXNoZ0Y1Sp2CsrRMvrRJVWc3hsb7WdbnxwEe6bPCxINX0wweJSBclU&_nc_ht=scontent.xx&oh=bef34d510fe6de05c302250afc9f9d05&oe=5DDB288D,1
405,"1,78438120213839E+016",2019-03-12 00:00:21,В Харькове водитель трамвая нашла действенный метод борьбы с зацеперами.,VIDEO,https://scontent.xx.fbcdn.net/v/t50.2886-16/54702842_409519986519568_901729546921606759_n.mp4?_nc_cat=100&_nc_oc=AQm9oIVDqbCKTQYSjQ4kORtHZ-lMKvwoOddQTVBZC_cbijHelIDQ0RG_xfv1s6hIX5Q&_nc_ht=scontent.xx&oh=d826d335388c0ad0e49dcf3e1ddaa20b&oe=5DD4986F,1
404,"1,79343464952777E+016",2019-03-12 18:31:58,"#объявадня
Nissan 350Z, 2005 год
1 100 000 ₽
⠀
Ссылку на объявление ищите в Stories.",CAROUSEL_ALBUM,https://scontent.xx.fbcdn.net/v/t51.2885-15/53293052_407692839965308_3994395980388644336_n.jpg?_nc_cat=101&_nc_oc=AQknaO6WB9EXR2QQKhB6cJRk92R_f4gTx1LjuzSLvifIj3fKItb7-sWSMBjoj7sMMKU&_nc_ht=scontent.xx&oh=ef8fde3ccb659ad4b804cd46c3f79677&oe=5DCD7F3F,1
403,"1,80391107820662E+016",2019-03-12 23:52:37,Героическая буксировка автомобиля.,VIDEO,https://scontent.xx.fbcdn.net/v/t50.2886-16/54260399_1518900488242007_4683487927477557382_n.mp4?_nc_cat=102&_nc_oc=AQn245vYgxG5xVKBiy5Z7zjYrU6Vn2DkVV-MO7JX_LuzJyzyc0kEJEsSgOZm-WRW2xo&_nc_ht=scontent.xx&oh=22b1f67bab4253c32b8b860a7e6d1f8e&oe=5DD402F3,1
402,"1,8044914027051E+016",2019-03-13 19:30:28,"#объявадня
BMW M2, 2016 год
2 900 000 ₽
⠀
Ссылку на объявление ищите в Stories.",CAROUSEL_ALBUM,https://scontent.xx.fbcdn.net/v/t51.2885-15/53378070_504170493323231_7396133298550613782_n.jpg?_nc_cat=101&_nc_oc=AQkTUpap9WcFZB3GD783i3vetXdDqg3B9ii2V57Txnbke0YWB63MzSLo9ONTD5FU8SY&_nc_ht=scontent.xx&oh=7636cb4196eeb849c56db5dfbd800227&oe=5DCE51DE,1
401,"1,79348894532792E+016",2019-03-13 23:31:41,"Камера наружного наблюдения на одной из набережной в Китае запечатлела, как автомобиль удрал от хозяина, чтобы хорошенько помыться.",VIDEO,https://scontent.xx.fbcdn.net/v/t50.2886-16/55423755_329625107686315_5969572846459653275_n.mp4?_nc_cat=109&_nc_oc=AQlvXEE3_-3Zoe_6L6fQelDH7AmLjomBfzJa76Q4ntMUl0bXDQutkzTTR77q4tEl44E&_nc_ht=scontent.xx&oh=1d44640ddf9e4d4cc7c245bcf1c6d877&oe=5DE94BD6,1
400,"1,80168243941886E+016",2019-03-14 20:01:29,"#объявадня
BMW i8, 2016 год
4 890 000 ₽
⠀
Ссылку на объявление ищите в Stories.",CAROUSEL_ALBUM,https://scontent.xx.fbcdn.net/v/t51.2885-15/53695214_124649788626504_9169930230772809422_n.jpg?_nc_cat=109&_nc_oc=AQnMr9m0xu9Yu-EvPKJD-CdIxkrCEmk9KIqATvQfSjXPvyO_eONaCE38sELaqsZfDcQ&_nc_ht=scontent.xx&oh=f51ea080ee5573ab5afb436efc976123&oe=5DC78FE2,1
399,"1,80289417390972E+016",2019-03-14 23:56:02,"Тот случай, когда ДТП произошло буквально на ровном месте.",VIDEO,https://scontent.xx.fbcdn.net/v/t50.2886-16/55470215_157104271959090_3784007120765722074_n.mp4?_nc_cat=103&_nc_oc=AQnsEttM-6jJ2Rx4q3hknyuLk1pYjhLOQRPHfBU3SM15lSbf11RNzqZS4sJD15cQJoU&_nc_ht=scontent.xx&oh=7229093a674e3d1a5cb8a0f22a8a371b&oe=5DD056FE,1
398,"1,79348123292762E+016",2019-03-15 20:01:43,"#объявадня
Mercedes-Benz W140 S500 Guard, 1997 год
1 100 000 ₽
⠀
Ссылку на объявление ищите в Stories.",CAROUSEL_ALBUM,https://scontent.xx.fbcdn.net/v/t51.2885-15/53155300_339912879975646_8982217614324957223_n.jpg?_nc_cat=108&_nc_oc=AQkhkxf0tQEN88-L7_yASD66kz1iKIkxRvFPrquu0bDeozi0d6k9BD-zd1EeX_i0EU4&_nc_ht=scontent.xx&oh=a164c9b5da449bc6013291dc90abc8d8&oe=5DD1C460,1
397,"1,78508887453753E+016",2019-03-17 21:58:13,Функция открытия багажника с ноги в немецкой и советской машинах.,VIDEO,https://scontent.xx.fbcdn.net/v/t50.2886-16/54785073_127414365056195_2295164354715885476_n.mp4?_nc_cat=109&_nc_oc=AQmmoXfFvIU5aafr-R2SDZ47uCvMQLgBtyDBgsPgDiG7xG9mDv-MMUOip3Ggr3w0NI8&_nc_ht=scontent.xx&oh=b727c82e0f9861404223faf8fc4bf152&oe=5DD5619B,1
396,"1,8041660527066E+016",2019-03-18 13:28:45,"В Москве открылся ещё один автомобильный музей. Называется  он Моторы Октября и расположился на Золоторожской набережной Яузы, неподалеку от шлюза. Несколько фотографий оттуда специально для вас.
⠀
Какой автомобиль понравился больше всего? Пишите цифру в комментариях ?",CAROUSEL_ALBUM,https://scontent.xx.fbcdn.net/v/t51.2885-15/52890211_133637544359536_8869863808655883137_n.jpg?_nc_cat=101&_nc_oc=AQlIy8imj5Uy2CnKE1YIz6fvk4gKOhu9Rz1nAMNmjdHrtkNDy2f3CtbkzedImQtL5iQ&_nc_ht=scontent.xx&oh=6048663a65cd0268973ab9b1765addb3&oe=5DCA64DE,1
395,"1,8004340461197E+016",2019-03-19 00:15:23,"Ещё один способ оперирования крышкой багажника ногой. На сей раз — более изящный, но и машина более современная — Веста.",VIDEO,https://scontent.xx.fbcdn.net/v/t50.2886-16/55823563_2036580496645078_4171768912943225374_n.mp4?_nc_cat=100&_nc_oc=AQkQvgHwQhAZ5L0CV-uqm5l8XvEp_KCL9a19APGaWiyNlbhqZm1f52NYY5yKdK4JzwI&_nc_ht=scontent.xx&oh=711926c700e83931c04fcf00f44d1a7c&oe=5DE35596,1
394,"1,78665503863445E+016",2019-03-19 16:05:49,"#объявадня
Chrysler New Yorker, 1956 год
2 990 000 ₽
⠀
Ссылку на объявление ищите в Stories.",CAROUSEL_ALBUM,https://scontent.xx.fbcdn.net/v/t51.2885-15/53505093_332236150758535_5722011920181765670_n.jpg?_nc_cat=106&_nc_oc=AQmbYkIUr5HZ6Pk2HYOt6svGVT0jki9ajSAm54OSeeEtRAiHYVfO_aWgShRZk4yhqk8&_nc_ht=scontent.xx&oh=66adef4b8f1b0281fcae2644854acda5&oe=5DD77C5D,1
393,"1,78637149363518E+016",2019-03-20 23:01:37,"«После ДТП уехал своим ходом», — довольно распространенная формулировка при описании состояния автомобиля, пострадавшего в аварии. Однако «уехал своим ходом» вовсе не означает его хорошей сохранности.",VIDEO,https://scontent.xx.fbcdn.net/v/t50.2886-16/55943734_382740462281666_5430766657204491040_n.mp4?_nc_cat=110&_nc_oc=AQmBCtL4TFeiMVEdZsYytZqxSDE2PXKXEUEaAdQmSuF6ArPG2vRlO3aPaQnjlIfho3E&_nc_ht=scontent.xx&oh=bd4e024d749fd3a85a2e863e85682ecb&oe=5DCE5300,1
392,"1,80511204900153E+016",2019-03-24 23:04:57,Механик в автомастерской решил разыграть своего коллегу; это первый после многочасового ремонта запуск двигателя.,VIDEO,https://scontent.xx.fbcdn.net/v/t50.2886-16/56209758_329561007904516_7400383876326196265_n.mp4?_nc_cat=107&_nc_oc=AQlwYEqpOoPYhIuffYYB0ue5-XEEE3bRNEKDjIqa7-0VS4VjuHM3dbGpPRbfKOKay5c&_nc_ht=scontent.xx&oh=ed43b092ef7d3464c722d2001cb580ae&oe=5DDD8A32,1
391,"1,79826393942106E+016",2019-03-25 15:01:31,"#объявадня
Toyota Mark II, 1995 год
1 550 550 ₽
⠀
Ссылку на объявление ищите в Stories.",CAROUSEL_ALBUM,https://scontent.xx.fbcdn.net/v/t51.2885-15/53430107_381884705728214_2711675513635470461_n.jpg?_nc_cat=110&_nc_oc=AQnoNyfpSxRqnmdqZEiMcSAfyQWnUdoQOygH2lRimuTuqKu9n4zXfqmcHcO79IU2k4s&_nc_ht=scontent.xx&oh=202915402281515058fc0fddd8d66e9a&oe=5DE01C3A,1
390,"1,80335107481286E+016",2019-03-25 23:29:23,"Лыжи, мотор и пропеллер — необычный способ передвижения в зимних условиях Салехарда.",VIDEO,https://scontent.xx.fbcdn.net/v/t50.2886-16/55938851_1065687090299384_3262374018555440504_n.mp4?_nc_cat=109&_nc_oc=AQl294bzEoM4aM4bbyDPxsLwzxn0dmwIvZL4n9wOYa9kmIzah5WLCu0ue3zRCzwc7zY&_nc_ht=scontent.xx&oh=bec0d839392a3fda574f8428e212e2ef&oe=5DD53B65,1
389,"1,78803975463193E+016",2019-03-26 14:01:27,"В СМИ попал план очередных возможных доработок Lada 4x4 («Нива»).
⠀
Список выглядит так:
• Автоматическое включение «дворников» (с небольшой задержкой) при включении омывателя.
• Выключение света (ближнего, габаритов) при выключении зажигания (переключатель в режиме ближний).
• Более эргономичный рычаг КПП.
• «Тихая» печка.
• Адаптация обивок передних дверей для установки акустических динамиков.
• Питание плафона освещения багажника постоянно (независимо от габаритов/ближнего).
• Замена форсунок стеклоомывателя + контроль траектории струи.
• Внедрить фильтр поступающего в салон воздуха.
• Отключение питания розетки 12V при отключении зажигания.
• Подлокотник сиденья водителя.
• Сертификация шин более распространенного типоразмера (возможность установки с завода).
• Внедрить поводки для полки багажника.
• Замена уплотнителя дверей на трехкамерный (2108).
• Уменьшить (исключить) загрязняемость ручки двери багажника.
• Исключить произвольное вращение рукояток рычагов КПП, РК, блокировки.
• Программируемая пауза работы стеклоочистителей.
• Цвет полки багажника приблизить к основному цвету отделки салона (черный).
⠀
Все эти улучшения не требуют больших вложений или серьёзной переделки конструкции внедорожника, но существенно могли бы улучшить комфорт. Какие именно из этих пунктов и когда будут внедрены — не уточняется. Возможно, после консультаций с дилерами внедрят лишь некоторые из них.
⠀
А какие бы изменения вы хотели увидеть в современой «Ниве»? Пишите в комментариях!",IMAGE,https://scontent.xx.fbcdn.net/v/t51.2885-15/54266441_339491210030971_8050615878825283584_n.jpg?_nc_cat=107&_nc_oc=AQnWtyq8Fi39-uD4ONNcbE98h2JwGCZEJOjyPzoUqfid6e51rUGCf9pkXoxGg-juu-I&_nc_ht=scontent.xx&oh=ca292e169367cafb6f6fc4456a740471&oe=5DE2E9D5,1
388,"1,79714919462364E+016",2019-03-26 20:45:12,"Ferrari нечасто выпускает уникальные модели, которые существуют в единственном экземпляре. Новая Ferrari P80/C относится именно к таким.
⠀
Автомобиль создан по заказу клиента итальянской компании. Техническое задание было простым: сделать современный гоночный прототип, вдохновленный легендарными моделями Ferrari 330 P3/P4 и 1966 Dino 206 S из 60-х. Но эта задача оказалась нелёгкой даже для опытной команды Ferrari.
⠀
Разработка модели заняла у профессионалов четыре года: работы они начали еще в 2015 году. За основу было взято шасси Ferrari 488 GT3. Эту модель выбрали не только за её динамические возможности, но и за увеличенную на 50 мм колёсную базу (в сравнении с 488 GTB), что позволило дизайнерам визуально сдвинуть кабину вперёд, чтобы создать более агрессивный, гоночный характер автомобиля.
⠀
Несмотря на то, что Ferrari P80/C в целом выдержана в духе современного модельного ряда Ferrari, с точки зрения настроек она существенно отличается от дорожных машин. Новинка создавалась исключительно для трека, так что каждый изгиб кузова здесь обоснован в первую очередь с точки зрения общей производительности, а не внешнего вида.
⠀
Компания достаточно подробно описывает работу над аэродинамикой кузова Ferrari P80/C, но ни слова не сказала о технической начинке.
⠀
Итальянцы не называют цену новой гоночной машины. Да и какая разница, сколько она стоит, если её изготавливали по заказу одного клиента?
⠀
Хотели бы прокатиться на такой?",CAROUSEL_ALBUM,https://scontent.xx.fbcdn.net/v/t51.2885-15/53745146_806534616373674_1576066134857165027_n.jpg?_nc_cat=111&_nc_oc=AQlhoWimXDm0x1PRXCmVDg13Kz7el3QVU4zwu5YrYxFnlxzF08N9RecYxQgZzWm8oOg&_nc_ht=scontent.xx&oh=2c2e59d97ab09efd0ac9454c80dbd1f5&oe=5DDCAF5E,1
387,"1,79731351902356E+016",2019-03-27 00:20:14,Север России: белый медведь перебегает дорогу-зимник словно заурядная кошка.,VIDEO,https://scontent.xx.fbcdn.net/v/t50.2886-16/56285118_128343281584388_345935228878894475_n.mp4?_nc_cat=105&_nc_oc=AQm2w3NFmME91rJiIHyeky3aGb_qjy6ntWvjAvo1gJMIJ4VV6X9OfsyYEEgF9kv4N3U&_nc_ht=scontent.xx&oh=cee5256b56b23ab3ab2013eee2b92462&oe=5DD5577A,1
386,"1,78680492583468E+016",2019-03-27 23:34:44,Что такое мастерство — демонстрирует оператор экскаватора.,VIDEO,https://scontent.xx.fbcdn.net/v/t50.2886-16/55979520_2224506204432727_3092307598807241654_n.mp4?_nc_cat=102&_nc_oc=AQm8n5RiIfRHPrFGOb7XlqXzKnl3DXpp2ysFjEK5rZZxumDy-WvoS4xgWKmj50vNY0M&_nc_ht=scontent.xx&oh=cc91afe61a3af62b4f8bd1d1e1a84955&oe=5DCDE5FD,1
385,"1,80139511111626E+016",2019-03-28 23:10:15,"Авария на кольцевых гонках привела к тому, что болид лишился всех наружных кузовных панелей.",VIDEO,https://scontent.xx.fbcdn.net/v/t50.2886-16/56392984_564091847435779_7095508036685642995_n.mp4?_nc_cat=109&_nc_oc=AQlpVcesi358GvjGMZufr-NBCDfP00Xkl_6-RKjOidDOVzesadHozvIRA7V8_rfK5qc&_nc_ht=scontent.xx&oh=6d349ea2763c9b4cf40b59e1438d1658&oe=5DD57EC8,1
384,"1,80490695160304E+016",2019-03-29 12:56:20,"Новый российский автомобильный бренд Aurus будет участвовать в автоспортивных соревнованиях. Компания распространила видеотизер загадочного гоночного болида, который похож на машины, используемые в гонках «24 часа Ле Мана».
⠀
Никаких комментариев по тизеру Aurus не даёт, ролик лишь подписан фразой «Aurus. Скоро...» — это даёт надежду на то, что все подробности в ближайшее время будут раскрыты.
⠀
По неофициальной информации, в Aurus может быть переименована спортивная команда G-Drive, которую спонсирует «Газпром».
⠀
Что думаете? Ждёт ли успех Aurus на спортивном поприще?",VIDEO,https://scontent.xx.fbcdn.net/v/t50.2886-16/56484528_661407424312760_224979395519084096_n.mp4?_nc_cat=105&_nc_oc=AQkzfUOdlK2xaII2E_gdeBf6wJ_GyIFUgT_oE0yyNZVnysT2Ci5HccSNx9AMKHaoa6E&_nc_ht=scontent.xx&oh=fffaef27086e4f85d1df09da840b228b&oe=5DE652DB,1
383,"1,7844438340395E+016",2019-03-29 16:30:50,"#объявадня
Subaru Impreza WRX STI, 2012 год
1 800 000 ₽
⠀
Ссылку на объявление ищите в Stories.",CAROUSEL_ALBUM,https://scontent.xx.fbcdn.net/v/t51.2885-15/53541101_2274680465916457_1872004866746744555_n.jpg?_nc_cat=100&_nc_oc=AQlRRU1UL80RtGHUV9o35lIge-VATkrc99sAzhYTypAF2vDdHGtIdVKbrX9TeFZwYCk&_nc_ht=scontent.xx&oh=ade7bc21b406221f3e37a44191201a38&oe=5E149A98,1
382,"1,78653198913566E+016",2019-03-31 01:08:28,"В Техасе (США) недалеко от границы с Мексикой полицейские подъехали к подозрительному пикапу Ford, стоявшему на обочине. Не успели они выйти из машины, чтобы поговорить с водителем пикапа, как тот дал по газам. Ну а вскоре вскрылась причина, почему он не хотел общаться с полицейскими — машина до отказа «набита» нелегалами из Мексики! Сколько их здесь?",VIDEO,https://scontent.xx.fbcdn.net/v/t50.2886-16/56242208_2078549372198538_7751314985042287014_n.mp4?_nc_cat=109&_nc_oc=AQmlU2RC_NaDV9pC8bj5TqmdFl0I9F4j-SFNucPgMRrmwRRIJ3eGNrcrj2axg7TKCK0&_nc_ht=scontent.xx&oh=94738ecfe47c5cdf872f874f23e12c0f&oe=5DE1FEE2,1
381,"1,78600391833693E+016",2019-03-31 23:28:03,"В станице Фастовецкой Краснодарского края дорожникам не выделили денег на новый асфальт, но дали на краску для разметки. Пришлось наносить разметку местами прямо по земле.",VIDEO,https://scontent.xx.fbcdn.net/v/t50.2886-16/56242220_1958165417645752_746803374496729914_n.mp4?_nc_cat=104&_nc_oc=AQl2HtmmXOMqiNWazXVsCB2kpoajtpXy09SpTi0zr8jRIg1XIqPl4WykYgOgPUe6bes&_nc_ht=scontent.xx&oh=df10ee884a5f7ec09eaba45dd84ad447&oe=5DE5B483,1
380,"1,80519650440074E+016",2019-04-01 13:01:13,"С тех пор, как в 2017 году была снята с производcтва глобальная версия Lancer в гамме Mitsubishi зияет брешь — нет массовой компактной легковушки. Вскоре ситуация изменится: Mitsubishi выпустит новую машину, близкую по размерам к Лансеру, причем в ее основу ляжет российская Лада Веста! Во всяком случае так нам рассказал источник в индустрии.
⠀
«Были у нас тут c Мицубиси... Говорят, лицензию на Весту купили. Вместо Лансера будут делать под своей маркой», — поведал на условиях анонимности источник, близкий к заводоуправлению «АвтоВАЗа» в Тольятти.
⠀
По словам инсайдера, в Mitsubishi Motors засматривались на Весту ещё с тех пор, как она в статусе концепта дебютировала на международном автосалоне в Москве в августе 2014 года. X-образный дизайн передней части автомобилей Mitsubishi последней волны вдохновлен именно русской машиной. «Вы посмотрите на Весту и новые Мицубиси, например, Eclipse Cross! Это ж одно лицо!», — не сдерживая эмоций рассуждает инсайдер.
⠀
Покупка лицензии на Весту — выгодный шаг. Ведь японцы получили целое семейство автомобилей, жемчужиной которого является Vesta Sport с 1,8-литровым 145-сильным мотором. В гамме MMC остро не достаёт спортивного седана, ведь культовый Evolution X отправили «на пенсию» в мае 2016 года.
⠀
Производство Весты под брендом Mitsubishi будет налажено в Японии, в префектуре Окаяма. По слухам, специалисты Ижевского завода «АвтоВАЗа» окажут помощь японским коллегам в вопросе освоения выпуска модели.
⠀
«Но это не точно», — добавил источник.
⠀
C 1 апреля, друзья! Ставь лайк, если не позволишь никому забрать нашу Весту ?",CAROUSEL_ALBUM,https://scontent.xx.fbcdn.net/v/t51.2885-15/54513760_377339263114606_4191921729456045495_n.jpg?_nc_cat=103&_nc_oc=AQkiKV1jfV-Qa-dDUuoy5_piAALr3MfwJj3IAGnQqGFpz89OoTC5VPIC7XaKmOwmVa0&_nc_ht=scontent.xx&oh=93a43bbed394e39cafb6b93a3f3c73a2&oe=5DD726EB,1
379,"1,80501395500129E+016",2019-04-01 23:16:23,"Китайские строители включили смекалочку — и придумали, как при помощи экскаватора ускорить выравнивание цементной заливки.",VIDEO,https://scontent.xx.fbcdn.net/v/t50.2886-16/56310063_130514658087612_3612062401804287645_n.mp4?_nc_cat=102&_nc_oc=AQkYKu7NIbaAq9dTv7Zc5JnehWkfb1lZnlwADgqk09AgDnJiXOjlTFTJ6bXKPhGc-08&_nc_ht=scontent.xx&oh=6e653a501b5e88c774c9d477e2719e79&oe=5DDB969A,1
378,"1,80502420360456E+016",2019-04-02 16:02:00,"#объявадня
Maserati GranTurismo, 2009 год
1 990 000 ₽
⠀
Ссылку на объявление ищите в Stories.",CAROUSEL_ALBUM,https://scontent.xx.fbcdn.net/v/t51.2885-15/54247440_378696016056129_2498338745154902510_n.jpg?_nc_cat=111&_nc_oc=AQlRsm6HkFbfzdgUUIZVyh1u9htHo7EQU-HKPawBDRT0vkMyht4rGK7SFPSr8LrMVbc&_nc_ht=scontent.xx&oh=b6647e153a12302e1df623133bd952a8&oe=5DD8BDC5,1
377,"1,79707264542435E+016",2019-04-03 23:01:38,"В китайской армии есть прикольное приспособление, которое позволяет развернуть грузовик буквально на пятачке.",VIDEO,https://scontent.xx.fbcdn.net/v/t50.2886-16/56457318_377094002883305_5384935845281439132_n.mp4?_nc_cat=108&_nc_oc=AQkG_meb3VEMWYx9vUxv6UoYqEti-c77dYu3NEjOfhs_61QSkbmuWTy01y4ZXpgXlLQ&_nc_ht=scontent.xx&oh=fa632f4fb49a9bbd497242b1bca71c92&oe=5DE369CB,1
376,"1,7844122677407E+016",2019-04-04 17:02:28,"#объявадня
Mini Roadster, 2013 год
1 777 000 ₽
⠀
Ссылку на объявление ищите в Stories.",CAROUSEL_ALBUM,https://scontent.xx.fbcdn.net/v/t51.2885-15/55777082_2312734655669112_820449172322726270_n.jpg?_nc_cat=107&_nc_oc=AQmlAASENhH8Lrdf7hdS9hxBrRSMb-1o2A-lBvahVnwGcz-WZzGGRqvGZWxWKfR4eC4&_nc_ht=scontent.xx&oh=59278481ff8b3b6580a8aaa0e6532560&oe=5DD57011,1
375,"1,79857594332182E+016",2019-04-05 17:02:39,"#объявадня
Москвич 403, 1964 год
1 370 000 ₽
⠀
Ссылку на объявление ищите в Stories.",CAROUSEL_ALBUM,https://scontent.xx.fbcdn.net/v/t51.2885-15/54510803_615266572323860_788895414776004151_n.jpg?_nc_cat=107&_nc_oc=AQlIm0G4GHXWswTqO3u6Id1JR2rl0Ge86AAWX2KVWCl-e8gmFUA0BE7TdHCqi08R-9Y&_nc_ht=scontent.xx&oh=831dfacff08c59e4938e5fa824fe7f12&oe=5DC87066,1
374,"1,79859203862167E+016",2019-04-08 00:00:44,Курение над заправочным пистолетом — это по определению признак сверх-разума.,VIDEO,https://scontent.xx.fbcdn.net/v/t50.2886-16/57198270_2410592862494268_8542494662791622006_n.mp4?_nc_cat=103&_nc_oc=AQlgnfSsrbUEL08pzpof0RD168LW4lknAssg4E5zdOprE6JH3f-fr29FadGbpehazP4&_nc_ht=scontent.xx&oh=8f221353a621d43a7f4c83ef72051c68&oe=5DE81193,1
373,"1,80364542101008E+016",2019-04-08 17:12:16,"#объявадня
Toyota GT 86, 2012 год
1 275 000 ₽
⠀
Ссылку на объявление ищите в Stories.",CAROUSEL_ALBUM,https://scontent.xx.fbcdn.net/v/t51.2885-15/54510928_355528061752738_1988649809490662553_n.jpg?_nc_cat=106&_nc_oc=AQnoJkeDPuVWESqTThP19ktyh7CodX7wmR5x3AAGdj6A4CTomWrTjV1jzvWh4hA7zlk&_nc_ht=scontent.xx&oh=4a6583020bedac949087d6b3976ccd37&oe=5DDE51BB,1
372,"1,80529845160029E+016",2019-04-08 23:30:38,"Можно было подумать, что у водителя заснятого на МКАД Hyundai Vercruz барахлит навигатор, но нет — это наркотики.",VIDEO,https://scontent.xx.fbcdn.net/v/t50.2886-16/57012255_1282275485243471_2151681722424296507_n.mp4?_nc_cat=106&_nc_oc=AQmcKgGUrWP040XUeFxk02kjAH7Cwa0YqJhtoEUA1bqCUjj4lhu-4I8VpA2iT_el53w&_nc_ht=scontent.xx&oh=c8bc63b51d3d1181f06a8b8b6ae461c6&oe=5DE578C8,1
371,"1,78532460913765E+016",2019-04-09 20:06:10,"Три автомобиля, которые не нуждаются в представлении. Три настоящих иконы российского рынка. Три символа. Три столпа ценой 5–6 млн рублей (в представленных версиях).
⠀
Короче говоря, три русские мечты: X5, Крузак и Туарег
⠀
Какой из этих автомобилей вам больше по душе? Пишите в комментариях, давайте выберем фаворита в этой троице!
⠀
А по ссылке в Stories вы можете найти наше детальное сравнение этих авто.",CAROUSEL_ALBUM,https://scontent.xx.fbcdn.net/v/t51.2885-15/54277381_2436314469760859_5838845140106864908_n.jpg?_nc_cat=101&_nc_oc=AQnvvnqxzRiX0nriVRqX4JzH0rtcDzkMF8R9MuvMuM7N7oS6R-rww5iJ-0fF7zORS9I&_nc_ht=scontent.xx&oh=1295272f35f78ecbcc8c984f828a9cb8&oe=5DD29AE4,1
370,"1,78488769063988E+016",2019-04-09 23:31:30,На Украине своя атмосфера...,VIDEO,https://scontent.xx.fbcdn.net/v/t50.2886-16/56780677_688756958208029_5173123186377349947_n.mp4?_nc_cat=102&_nc_oc=AQnDBuORHsQjTNe0cOAYi8W_5OL6AGyNNxltjfEMvAhh1MUS29_6Q_F7LoznE8xZLbk&_nc_ht=scontent.xx&oh=372b4d83f5c3973ae0c234b6d0b6111e&oe=5DE111CF,1
369,"1,78780227313279E+016",2019-04-10 16:30:42,"#объявадня
Porsche Cayenne, 2018 год
10 300 000 ₽
⠀
Ссылку на объявление ищите в Stories.",CAROUSEL_ALBUM,https://scontent.xx.fbcdn.net/v/t51.2885-15/54511397_422802174952094_6845720809583425436_n.jpg?_nc_cat=111&_nc_oc=AQlLhbAZJqPuZH1tkMbtEHnB6vqLiIyZ4FyEmxedHG4Uz5lLEU6gvi9IZlcPtkManF0&_nc_ht=scontent.xx&oh=ffbbc4d6669d4dd8e3c0c4f3554f95dd&oe=5DD1AAC3,1
368,"1,78780854103288E+016",2019-04-10 19:03:00,"На ралли-рейде в Аргентине у участников загорелся болид. К счастью, им хватило сноровки быстро покинуть его.",VIDEO,https://scontent.xx.fbcdn.net/v/t50.2886-16/57250256_633371240443041_9106435938763132467_n.mp4?_nc_cat=100&_nc_oc=AQmXAH5BexaeQ97BsjglBm-NdICuQ-DO0aHRT9OAMk0eKoyv2-YJrR64FRETSVK8hsM&_nc_ht=scontent.xx&oh=05e0dc9526e51a7c89ea0486765c3f97&oe=5DCFA504,1
367,"1,79591984532593E+016",2019-04-12 00:07:29,Поразительное видео из Таиланда: водитель байка только благодаря своей сообразительности избежал участи быть расплющенным 40-футовым морским контейнером.,VIDEO,https://scontent.xx.fbcdn.net/v/t50.2886-16/56842123_632912090493107_4932545337101916580_n.mp4?_nc_cat=101&_nc_oc=AQnRiRrRx3xcr2XNDA6yIyoRn_i2aUDe9VH-UDqcyb3GwWjZ8EK5AL43QHOSIRVsT90&_nc_ht=scontent.xx&oh=9894c1cb77409e00cf2100d2ca0e145e&oe=5DE558AC,1
366,"1,80564180310297E+016",2019-04-12 23:04:47,Общее отношение потребителей к каршерингу: не своё — не жалко. Вот куда нелёгкая завела этот каршеринговый Mercedes-Benz GLA.,VIDEO,https://scontent.xx.fbcdn.net/v/t50.2886-16/57399560_1046989945486027_7597748433392262078_n.mp4?_nc_cat=103&_nc_oc=AQloJZqyhxRymBbaQPC0IaWCohXpONLe5_x0Ko9AVxhgoRvkZTc4n0V9WZhnCCFvYY4&_nc_ht=scontent.xx&oh=bfb2dc4056bfd914432e8e3bff500db2&oe=5DDAB3BC,1
365,"1,78666632883625E+016",2019-04-14 23:59:29,"Пешеход пошёл на красный и зачем-то остановился. Всё кончилось хорошо, никто не умер, только ушибы и ссадины.",VIDEO,https://scontent.xx.fbcdn.net/v/t50.2886-16/57269603_2268266843500943_9190564098108361922_n.mp4?_nc_cat=105&_nc_oc=AQmZQDv8nBZT6yIpBKgDxs__h3q9dFyyFLtP-hpCQvYWHQl6ruM_XL_26Aw4b5aFbik&_nc_ht=scontent.xx&oh=4ad15fe0e400d9faa8d87f68dad8edbd&oe=5E13EA45,1
364,"1,80405377171289E+016",2019-04-15 12:32:18,"17 апреля на международном автосалоне в Нью-Йорке состоится премьера полноразмерного кроссовера Mercedes-Benz GLS-Class нового поколения. Это третья генерация большого SUV от Mercedes-Benz, начиная с 2007 года. Первое поколение, напомним, называлось GL-CLass, без буквы S в обозначении. В свободном доступе оказались первые фирменные фото нового GLS.
⠀
Полноразмерный внедорожник построен на удлинённой версии платформы последнего GLE-Class. По предварительной информации, колёсная база нового GLS составляет 3137 мм, т.е. на 60 мм больше, чем у модели уходящего образца и на 178 мм больше, чем у GLE.
⠀
Судя по фото, дизайн автомобиля выполнен в последней итерации фирменного стиля Mercedes-Benz — солидные пропорции и при этом плавные пластические решения экстерьера.
⠀
Технической информации пока в свободном доступе нет. Ранее утверждалось, что кроссовер получит гидропневматическую подвеску E-Active Body Control, которая будет работать от 48-вольтовой бортовой сети.
⠀
По гамме моторов данных тоже нет, но очевидно, что здесь будут пересечения с GLE-Class. Ожидается появление ультралюксовой версии под суббрендом Maybach.
⠀
Как вам дизайн новинки? Пишите в комментариях",CAROUSEL_ALBUM,https://scontent.xx.fbcdn.net/v/t51.2885-15/55851136_401411937316223_310141050505120553_n.jpg?_nc_cat=107&_nc_oc=AQmayHMrbvSVtZ6GiOni74RredeUIqjChN18G4-ESnh3ke_1t10ItnheS9J1J35eUoY&_nc_ht=scontent.xx&oh=99e21fafeff3916bb8367dd541b068d0&oe=5DCA0AB8,1
363,"1,7945149267275E+016",2019-04-15 21:01:32,"#объявадня
Lincoln Continental, 1960 год
4 400 000 ₽
⠀
Ссылку на объяву ищите в Stories.",CAROUSEL_ALBUM,https://scontent.xx.fbcdn.net/v/t51.2885-15/57487962_132367341176817_114410317802458271_n.jpg?_nc_cat=110&_nc_oc=AQl45HLNJvwF2qK4mjE1gbw7rfFJOk4JRVGUE6Gk6gsikdDZrm88Enett7ABv0SabfE&_nc_ht=scontent.xx&oh=27db66525162ecae855fee83c6923a67&oe=5E156851,1
362,"1,80271227971368E+016",2019-04-16 00:03:17,Гаишник поражает своей сдержанностью.,VIDEO,https://scontent.xx.fbcdn.net/v/t50.2886-16/57331117_1624107827733219_7645608161155400120_n.mp4?_nc_cat=111&_nc_oc=AQk29HfhbF_JMn1yJ_AdyU7JTNP4AIZPsgMZpJy338pDQnADmgjC4D5AyAf0r2rybk8&_nc_ht=scontent.xx&oh=7f75118b8d65040251762f638846ba62&oe=5DCD4FDF,1
361,"1,79782528542412E+016",2019-04-16 23:03:04,"У пожарных машин с заполненной водой цистерной — высокий центр тяжести, поэтому перевернуть их очень просто. Вот, например, пожарный Урал лёг на бок от, в общем, не такого уж сильного удара.",VIDEO,https://scontent.xx.fbcdn.net/v/t50.2886-16/58328961_129601388202097_1953129854558016190_n.mp4?_nc_cat=109&_nc_oc=AQlrhpc7FucVT3A4r7bO3TY9664kNHwBReEFWMCsjP0K6xf6A9eXxZvo1zypctyOGGw&_nc_ht=scontent.xx&oh=34346584734f7e5030616eadba9eafbf&oe=5DD36BD3,1
360,"1,79928075972064E+016",2019-04-17 19:02:10,"#объявадня
ГАЗ 24 Волга, 1978 год
1 500 000 ₽
⠀
Ссылку на объявление ищите в Stories.",CAROUSEL_ALBUM,https://scontent.xx.fbcdn.net/v/t51.2885-15/56618656_411187466362102_5368305921370765994_n.jpg?_nc_cat=103&_nc_oc=AQlSeu90lb_GfyOXV0aKxfKJRpXAei7zcUYK8H1CpaS2FWsgzRB0eh1C4_78LSgPTpA&_nc_ht=scontent.xx&oh=8cbb13eb4874b643235e38f78046e5bc&oe=5E13EE37,1
359,"1,8058408609061E+016",2019-04-18 20:30:33,"#объявадня
Mazda RX-8, 2005 год
700  000 ₽
⠀
Ссылку на объявление ищите в Stories.",CAROUSEL_ALBUM,https://scontent.xx.fbcdn.net/v/t51.2885-15/56618674_792158257821511_6139306461928839865_n.jpg?_nc_cat=106&_nc_oc=AQmCAd-qpSXE82eZTOGUTzQ1jUH92pW09-NJIoJCw73uuBQQaAkJDwc-z0q1eLXloPU&_nc_ht=scontent.xx&oh=d9b20fe35f64b145d9379b8ec09dfc42&oe=5DE29AFE,1
358,"1,7963879065247E+016",2019-04-18 23:31:09,Мастер-класс по парковке  от неизвестного гуру из Китая.,VIDEO,https://scontent.xx.fbcdn.net/v/t50.2886-16/57555308_599586283844422_933798645491581035_n.mp4?_nc_cat=109&_nc_oc=AQkfTCmFbXvS6VHEsWVK1J5z4I5lp-6kHzgjrsQ46yuvyVoqfJcyaWEYZsJMpPTYB50&_nc_ht=scontent.xx&oh=5055bed82fa98b64e392403e891435fe&oe=5DE7FEF1,1
357,"1,80515211910699E+016",2019-04-19 23:31:56,"В Медногорске Оренбургской области полным фиаско завершилась погоня гаишников на Гранте за некими нарушителями на ВАЗ-2101 — машина дорожной полиции провалилась в придорожную водосточную канаву. «Копейке» удалось объехать эту неожиданную яму, а полицейскому автомобилю — нет...",VIDEO,https://scontent.xx.fbcdn.net/v/t50.2886-16/58114884_846789005655351_3909919203476439488_n.mp4?_nc_cat=111&_nc_oc=AQk71Fl_wQe8WcwwfQAcp3cr5EXS4yw4eX7-qmL-wrEAq60e7ValjOL8lpknooNSJE0&_nc_ht=scontent.xx&oh=9bad79bf752b3eac4a7d849055c0e879&oe=5DDC90D0,1
356,"1,79918314722105E+016",2019-04-20 23:01:51,Поразительное видео: взрослая собака спасает щенка от риска быть раздавленным автомобилем.,VIDEO,https://scontent.xx.fbcdn.net/v/t50.2886-16/58337007_894395277619458_4483381664314170223_n.mp4?_nc_cat=100&_nc_oc=AQnf5LPrGhfffhY3szNf_nNqpMwAlO9Pbh5FX_8CMnvs-BHjFmH1YfiA24RAiws3HiY&_nc_ht=scontent.xx&oh=755d315df798cfa074f8efa579df2831&oe=5DE30B5C,1
355,"1,80423036971032E+016",2019-04-21 21:01:48,"#объявадня
Nissan Skyline, 2001 год
1 500 000 ₽
⠀
Ссылку на объявление ищите в Stories.",CAROUSEL_ALBUM,https://scontent.xx.fbcdn.net/v/t51.2885-15/56531406_328917064478953_7414600635496124453_n.jpg?_nc_cat=108&_nc_oc=AQmAfvZnIrstMbxqF3Aj-F8YP1Hg5NBaonoI1Y4wO3nxRCukFp3cfznIIwJJ4LIbbv0&_nc_ht=scontent.xx&oh=e7a9a34134188c37a4703aa38db7b303&oe=5DCA977B,1
354,"1,7981108995229E+016",2019-04-21 23:01:58,"В Нью-Джерси, США, непогода сорвала с опор провода, ремонтник на грузовике приехал чинить поломку, но получилось не очень...",VIDEO,https://scontent.xx.fbcdn.net/v/t50.2886-16/58339679_276867193200000_4625247548568643279_n.mp4?_nc_cat=100&_nc_oc=AQnUwmKwvIcKVeGNMh3kQevkFHqhUjt1az67bkgbesU8dkCsrFcZ9twbPi7rfkpqQ2c&_nc_ht=scontent.xx&oh=20ab46c2b103a95627446561b8731c8a&oe=5DC990D5,1
353,"1,80212308301604E+016",2019-04-22 20:30:30,"#объявадня
Porsche Cayenne, 2012 год
4 500 000 ₽
⠀
Ссылку на объявление ищите в Stories.",CAROUSEL_ALBUM,https://scontent.xx.fbcdn.net/v/t51.2885-15/57040242_358286988113246_1941338359536062276_n.jpg?_nc_cat=105&_nc_oc=AQnGvUSuLwtBHKuII0SOmvX-Fx1pj6YfHgb-_xTBCE8ag6hKST7NLjlVNHvoqV3S2r8&_nc_ht=scontent.xx&oh=31285e72c2adfdbdcbc8b05800d801d8&oe=5DCCB166,1
352,"1,7981966683239E+016",2019-04-22 23:01:46,"Америка, как всегда, радует зрелищными полицейскими погонями — во Флориде на минувшей неделе гонялись за старым Nissan Altima. За рулём была женщина в наркотическом опьянении, с ней в салоне сидели две подружки, тоже «в хлам». По сообщению издания The Smoking Gun, когда женщин догнали и вытащили из машины, оказалось, что все трое — совершенно голые. В видео этого момента, к сожалению или к счастью, нет.",VIDEO,https://scontent.xx.fbcdn.net/v/t50.2886-16/58576012_809982749378179_5213369527710988868_n.mp4?_nc_cat=105&_nc_oc=AQlxTOjDWlQI7O9gfl_UDry3RLmDgTxG7Zl-NLODH_SrkcLUIi_eZzKAyKqjSyaiZM4&_nc_ht=scontent.xx&oh=7b39e6ad49e5690a8fa162a2d301f00c&oe=5DE8D469,1
351,"1,80500065150729E+016",2019-04-23 14:36:08,"О том, что высоковольтные батареи на электрокарах имеют свойство загораться при ДТП, знают уже многие. Мы не раз публиковали новости о том, как тот или иной электрокар после аварии безуспешно пытаются потушить пожарные, однако воз и ныне там: в Интернете появляются всё новые и новые видеозаписи с возгораниями электромобилей, и они порой впечатляют.
⠀
Большой общественный резонанс происшествия приобретают, когда в них фигурируют «распиаренные» люксовые электрокары, к которым, без всякого сомнения, относится Tesla Model S. Ещё с 2013 года компанию обвиняли в том, что батарейный отсек машины слишком слаб, в результате чего при серьезной аварии существует высокая вероятность его повреждения. Американцы позже модернизировали защиту под днищем автомобиля, установив под батареей многослойную титановую броню, однако и это не мешает автомобилям Tesla гореть синим пламенем. Очередной такой случай произошел в Шанхае.
⠀
Судя по видеозаписи, в этот раз Model S спокойно стояла на парковке, машина была выключена, никто её не трогал и не шевелил. Внезапно из-под днища повалил густой дым, а буквально через пять секунд электрокар попросту взорвался, уничтожив припаркованные рядом автомобили.
⠀
Данная новость уже вовсю тиражируется в зарубежных СМИ и набирает общественный резонанс, а это значит, что Илону Маску снова придётся как-то «отдуваться» за своё детище.
⠀
Пострадавших в результате данного инцидента нет.",VIDEO,https://scontent.xx.fbcdn.net/v/t50.2886-16/58336478_319811288703437_3249433454638827759_n.mp4?_nc_cat=105&_nc_oc=AQkfmLNh-U9ku_XZY3RavSPvy0cgO3qD82U2SasfskCeEprv6OV2mx66Wdu6LvlzC1Y&_nc_ht=scontent.xx&oh=0b9c7e40a85fb7b556aea2caca686fe4&oe=5DDAEB08,1
350,"1,80299999261897E+016",2019-04-23 19:30:24,"#объявадня
Ford Thunderbird, 1968 год
3 300 000 ₽
⠀
Ссылку на объявление ищите в Stories.",CAROUSEL_ALBUM,https://scontent.xx.fbcdn.net/v/t51.2885-15/56610517_2560415073986198_7049312065007666503_n.jpg?_nc_cat=102&_nc_oc=AQlFdIh5BSN0TLtswEmz_hBTRhQIkBfbNQr7gb_mzgNujYYHCX_qAuAs-TYoAyYf0WI&_nc_ht=scontent.xx&oh=857046baa34951a7aaef8fce6bcabddb&oe=5DCDB6D8,1
349,"1,80288827801322E+016",2019-04-23 22:33:54,"Что будет, если в России закончатся нефть и бензин?
⠀
Смотрите новое видео от ГвоздиShow, подготовленное специально для drom.ru!",CAROUSEL_ALBUM,https://scontent.xx.fbcdn.net/v/t51.2885-15/57009233_161450458216494_4776649040237251955_n.jpg?_nc_cat=108&_nc_oc=AQnSYAWS44haQ_rm7FBfXfy5xYddiRTlnbS2MeWvjvuM3AvXL1oH_dyzoZJiACmSZgc&_nc_ht=scontent.xx&oh=6b1ee6d9555307cb2ff3a33120a9fd92&oe=5DD1DF9F,1
348,"1,785791467639E+016",2019-04-24 13:40:21,"Существует множество предрассудков относительно манеры езды владельцев тех или иных марок. К примеру, на BMW любят поиграть в «шашки» и поголовно не знают предназначение «поворотников». И хотя это всего лишь предубеждение, собранная Центром организации дорожного движения (ЦОДД) Москвы статистика его подтверждает: водители BMW действительно входят в Топ самых злостных нарушителей дорожного спокойствия.
⠀
Согласно информации, опубликованной на официальной странице ЦОДД в Twitter, помимо BMW чаще всего правила нарушают водители автомобилей Mercedes-Benz и ВАЗ. Статистика собрана за последние полгода с помощью комплексов автоматической фиксации.
⠀
А самые дисциплинированные водители управляют машинами марок Chevrolet, ГАЗ и Volkswagen.
⠀
Также ЦОДД провел разделение по цветовому признаку: активные нарушители чаще всего выбирают чёрные и серые автомобили, спокойные водители — опять же чёрные, синие и желтые.
⠀
А как часто вы нарушаете правила и каким автомобилем управляете? Давайте проверим статистику",IMAGE,https://scontent.xx.fbcdn.net/v/t51.2885-15/56786382_133206737743772_5066079777616542642_n.jpg?_nc_cat=111&_nc_oc=AQkiTs3bf7ufxmoDXtUemyn2GbiCRCR1YPNJgA7a9bwHl9UBi5Rc59pGpVoizvvVUlc&_nc_ht=scontent.xx&oh=881404febe66df1b3acb0fd01079f3b0&oe=5DD40EE7,1
347,"1,8037552285126E+016",2019-04-24 22:13:27,"Глава ГИБДД России Михаил Черников предложил обязать водителей, перевозящих детей, двигаться на 20 км/ч медленнее, чем предписано знаками. С инициативой он выступил на форуме «Безопасная дорога», прошедшем 23 апреля в Москве. Таким образом, перевозка детей в обычной легковой машине будет приравнена к езде с прицепом.
⠀
Согласно ПДД, максимальная скорость движения по трассе для авто с прицепом ограничена 90 км/ч, без прицепа — 110 км/ч: в правила можно было бы внести аналогичную поправку для перевозок детей, заявил Черников. При этом начальник ГИБДД признал, что введение подобной градации будет сложно администрировать (практически все штрафы за скорость сегодня выносятся автоматическими камерами).
⠀
Что думаете об этом возможном изменении?",IMAGE,https://scontent.xx.fbcdn.net/v/t51.2885-15/57232487_2116829218424215_6781101125532654597_n.jpg?_nc_cat=103&_nc_oc=AQnVjNm1ppxVIrSxnjTRGE6hQ2Y5BI_GoNB618ErRIt19AcN6wOX_NeuFKS4_ok8LHU&_nc_ht=scontent.xx&oh=fb06ca34dfacb62ad68ba4f339505185&oe=5DDE1F34,1
346,"1,79965798812014E+016",2019-04-25 13:08:20,"Прощай, Марк ?
⠀
Toyota Motor объявила о том, что в декабре 2019 года снимет с производства седан Mark X. На этом история легендарной модели закончится — нового Марка не будет.
⠀
Марки присутствовали в гамме Toyota более 50 лет — первый Mark II появился в 1968 году. Нынешний Mark X поколения X130 выпускается с 2009 года, это одиннадцатая генерация модели.
⠀
Будете скучать? Какое поколение вам понравилось больше? Или, может быть, у вас есть какая-то история, связанная с этим автомобилем? Пишите в комментариях свои мысли",CAROUSEL_ALBUM,https://scontent.xx.fbcdn.net/v/t51.2885-15/56697210_384029545521785_5355030074642360895_n.jpg?_nc_cat=106&_nc_oc=AQk6Fq-ShBSqXq3xxovWCIBBabXU7sDXyg8gRePyn6BK18HODBcEwf0M-NR3FHwIEZg&_nc_ht=scontent.xx&oh=88be1a426a9e404091cc281f688782d8&oe=5E14D695,1
345,"1,78514758454085E+016",2019-04-26 12:29:29,"Mitsubishi прощается с легендарным внедорожником Pajero ⚰
⠀
Pajero четвертого поколения выпускается с 2006 года, а это значит, что по законам автомобильного жанра машина уже устарела, хотя для проверенного временем внедорожника это не так-то и страшно. Тем не менее слабый спрос на Pajero вынуждает Mitsubishi прощаться с внедорожником.
⠀
Японский офис компании представил прощальную версию Pajero Final Edition, которая будет продаваться лишь на внутреннем рынке. Всего будет 700 экземпляров, стоимость каждого автомобиля начинается в пересчёте с иены с 40 500 долларов.
⠀
Отметим, что ещё в октябре 2014 года Mitsubishi анонсировала, что следующее поколение Pajero будет продаваться в версии «подзаряжаемый гибрид», однако уже год спустя на автосалоне в Токио президент марки Тетсуро Айкава заявил, что машина текущего поколения будет ещё некоторое время выпускаться, однако о её будущем он говорить отказался. После того, как Mitsubishi образовала альянс с Renault-Nissan, в иностранной прессе появлялась информация, что новая генерация легендарного внедорожника получит платформу Nissan Patrol, однако воз и ныне там, и пока ничего не говорит о том, что Mitsubishi ведет разработку следующего Pajero.
⠀
Ещё одна легенда уходит на покой. Кто будет следующим?",CAROUSEL_ALBUM,https://scontent.xx.fbcdn.net/v/t51.2885-15/57319895_2335997493347446_7715402893922975718_n.jpg?_nc_cat=102&_nc_oc=AQkx9zKpOvNPqQTFsp0IqGKhHEfrsZJBS3mcL0jF2g_tS_174hA6ByLu6wk28mhTHAI&_nc_ht=scontent.xx&oh=dfbe6b468e604ad5f9bbaef8d37b2483&oe=5DDE0EAF,1
344,"1,78669792993705E+016",2019-04-26 19:30:30,"#объявадня
Nissan Silvia, 1996 год
1 000 000 ₽
⠀
Ссылку на объявление ищите в Stories.",CAROUSEL_ALBUM,https://scontent.xx.fbcdn.net/v/t51.2885-15/58410206_1167011570125879_2580329738453441993_n.jpg?_nc_cat=100&_nc_oc=AQlmQUBwNO3HqPtNFXVslTVTniKulrOqlcs1NjNOEU3BwmAbkVx3Y9aYRVjDYga9tNo&_nc_ht=scontent.xx&oh=0f18805c5f817ec4354a9e840c1b919b&oe=5DDAFB63,1
343,"1,79785222272459E+016",2019-04-26 22:30:37,"Задержанный за дебош выпал из полицейского «уазика» — это не умышленный побег, просто полицейские забыли закрыть дверцу.",VIDEO,https://scontent.xx.fbcdn.net/v/t50.2886-16/58909529_1062871857237341_77395773048276975_n.mp4?_nc_cat=108&_nc_oc=AQmROAJSdux_nltpA7JPe-g-fa7bHq7QT7wYtD6WCHpo11OujzA4x51PKju3MLXDR2E&_nc_ht=scontent.xx&oh=cb831aef34655aa90a07e8537ec2b651&oe=5E153309,1
342,"1,80435398980965E+016",2019-04-27 23:35:00,"В Татарстане зафиксировали ужасающий акт вандализма: строительная техника уничтожила фактически новый автомобиль Volkswagen. Действие происходило на территории дилерской компании «ТрансТехСервис».
⠀
Как сообщает казанский портал KazanFirst, на видео запечатлён процесс утилизации немецких автомобилей, которые в своё время не были должным образом оформлены производителем. Фактически они не сертифицированы для эксплуатации, поэтому не могут находиться на дорогах общего пользования.
⠀
История об отзыве концерном Volkswagen AG 6700 легковых автомобилей стала достоянием общественности в декабре 2018 года. Тогда немецкое издание Handelsblatt опубликовало данные, согласно которым в период с 2006 по 2018 годы Volkswagen реализовывал машины, произведенные по предсерийной технологии. Обычно такие экземпляры сразу после проведения тестов отправляют под пресс, но в данном случае их почему-то продали под видом подержанных.
⠀
Можно долго спорить о том, что процесс уничтожения полностью исправных машин является кощунством, а сами автомобили можно было отдать нуждающимся или найти им другое полезное применение. Тем не менее с юридической точки зрения производитель грубо нарушил взятые на себя обязательства и продал автомобили, которые никогда не должны были попасть в руки автомобилистов.
⠀
Когда об этой истории стало известно, Volkswagen объявил отзыв всех таких транспортных средств. Оказалось, что 57 из них попали в Россию, а три оказались в Татарстане. Один из них и был уничтожен на парковке дилерского центра «ТрансТехСервис» в Казани.
⠀
Сообщается, что «ТрансТехСервис» выкупил эту машину у её владельца.",VIDEO,https://scontent.xx.fbcdn.net/v/t50.2886-16/59368218_846605095696406_5370134501248704460_n.mp4?_nc_cat=109&_nc_oc=AQl_dv_p0yhmES8UYZTwUYlPLTn8u8fN6C8YH9L2v0ZE9dH8IdyQ-H07NzEy8Z26c7w&_nc_ht=scontent.xx&oh=a47318245518d9510781b721f183ab74&oe=5DDFA0BF,1
341,"1,80196827251703E+016",2019-04-28 22:57:29,"Когда администрация города не способна привести дороги в нормальное состояние, в дело вступает народная инициатива. На видео Омск.",VIDEO,https://scontent.xx.fbcdn.net/v/t50.2886-16/59243574_569022596920041_2925425136227467131_n.mp4?_nc_cat=111&_nc_oc=AQmA4Cqn6_mjM-QkK0Jk9BWOHrvyP99DabCWQO-IYixQIHKYb7MXgc5HYVL-3JJMfsU&_nc_ht=scontent.xx&oh=1d597b58770553138d88be9e99ceb9f6&oe=5DD8481B,1
340,"1,79950336002129E+016",2019-04-29 17:02:48,"#объявадня
Mitsubishi Pajero, 1997 год
2 000  000 ₽
⠀
Ссылку на объявление ищите в Stories.",CAROUSEL_ALBUM,https://scontent.xx.fbcdn.net/v/t51.2885-15/58409666_472652923275403_5583845636338060446_n.jpg?_nc_cat=106&_nc_oc=AQmLb7Va6xauv26uDRZhnMV2zvKzyQDA_Uk7-gAQZm9mwjOCupGxTGzUjJEfORI-TGQ&_nc_ht=scontent.xx&oh=fc324746697ba932e0fd755d9955c3ae&oe=5DE69981,1
339,"1,78949103523081E+016",2019-04-29 23:05:57,Горная дорога как аттракцион на выбывание.,VIDEO,https://scontent.xx.fbcdn.net/v/t50.2886-16/58576116_157146415319164_1173552702591231303_n.mp4?_nc_cat=100&_nc_oc=AQls665igghWeRF9vCJoarnQYOsSMZhYhlWeO8lsDhFbGTbaFaKa60EBS1UdM5BY3nY&_nc_ht=scontent.xx&oh=1564b9894bef7b9e5b9932b4471c4212&oe=5DEA2807,1
338,"1,78601387413905E+016",2019-04-30 18:02:06,"#объявадня
Lexus GS300, 2006 год
1 100 000 ₽
⠀
Ссылку на объявление ищите в Stories.",CAROUSEL_ALBUM,https://scontent.xx.fbcdn.net/v/t51.2885-15/58410041_746149765782617_8169043182710648603_n.jpg?_nc_cat=101&_nc_oc=AQlWRSIDnp2ric5IqiZ6GT-RtMEkN_OTrlQfVaPJVZtjVPAIplKHeqGR3sSt0jAsBfY&_nc_ht=scontent.xx&oh=e0eca1143b844a2a5c908f95889f2dee&oe=5DE96B6C,1
337,"1,80545541550773E+016",2019-05-05 20:20:02,"Полиция Абу-Даби обзавелась арабским суперкаром Lykan
⠀
Lykan HyperSport оснащается 3,7-литровым «шестёркой» с двойным турбонаддувом. Мощность оценивается в 740 л.с. Суперкар способен ускоряться с 0 до 100 км/ч за 2,8 секунды, максимальная скорость составляет 395 км/ч.
⠀
Примечательно, что ливанская компания W Motors выпустила всего семь экземпляров Lykan HyperSport, каждый из которых оценивается в $3,4 миллиона. Таким образом, перед нами один из самых редких полицейских автомобилей в истории.
⠀
Ранее компания W Motors уже поставляла автомобили полиции Дубаи: специально по её заказу был изготовлен внедорожник Beast Patrol, построенный на базе Nissan Patrol.",CAROUSEL_ALBUM,https://scontent.xx.fbcdn.net/v/t51.2885-15/57899673_2515761515318040_3469516873738638921_n.jpg?_nc_cat=106&_nc_oc=AQlY0FZPAZBqERtIGiGYXWoa5PmrfzyGSq_n3XiWTYNKsshV62Qh1g5xR_w-qILKKA4&_nc_ht=scontent.xx&oh=72dbfc53fcac77271b3ed7bbaaf9c740&oe=5DD8CFE7,1
336,"1,78619396173901E+016",2019-05-05 22:30:49,"Феноменальное по своей абсурдности ДТП произошло в Ингушетии: гаишники устроили погоню за угнанной Kia Rio, но не согласовали свои действия с другим экипажем, ехавшим в противоположном направлении. Напоминает известную сцену во французской комедии «Такси».",VIDEO,https://scontent.xx.fbcdn.net/v/t50.2886-16/59539691_277495649795349_1521556049935547496_n.mp4?_nc_cat=102&_nc_oc=AQlhr0AmxoGnCb-1_cVo7cksIHLkzVwLIhBEivHLa2WJl7haLK2VJu0CV1Z_wo31S6A&_nc_ht=scontent.xx&oh=ff44d134f20c45086fbfa2a255d63c85&oe=5DDEA1CE,1
335,"1,78576231454026E+016",2019-05-06 23:30:34,Неудавшаяся попытка ограбления в Бразилии.,VIDEO,https://scontent.xx.fbcdn.net/v/t50.2886-16/60059721_2311944655793428_8762969704543470253_n.mp4?_nc_cat=110&_nc_oc=AQnpnsktQoSZ9v-QRQf-KJVKC-7fYJ0jm1P6m-ydFkerW8gS4h6q8bmDHZIdlR8rKhA&_nc_ht=scontent.xx&oh=49e3fa7b6aa562c837911e6439d15893&oe=5DD87139,1
334,"1,80648283270251E+016",2019-05-07 17:30:38,"#объявадня
Jeep Grand Cherokee, 2012 год
2 450 000 ₽
⠀
Ссылку на объявление ищите в Stories.",CAROUSEL_ALBUM,https://scontent.xx.fbcdn.net/v/t51.2885-15/58409771_188181232166912_4177682122875544544_n.jpg?_nc_cat=106&_nc_oc=AQlBrgyiD4XUxHkgN1ywCJwAiWcgeVz0ZTw8YTd6oyGZlU3V72Yib7qJoUBzHN7lHKg&_nc_ht=scontent.xx&oh=7fdbd13b43f340ba7842a6d92e3a838a&oe=5DDA7242,1
333,"1,80577131730686E+016",2019-05-07 20:30:55,"В небольшом американском городке Аугуста шериф спешил на вызов на патрульном Форде Краун Виктория, но забыл включить проблесковый маячок. На одном из перекрёстков такая оплошность привела к довольно нелепому ДТП. Никто серьёзно не пострадал.",VIDEO,https://scontent.xx.fbcdn.net/v/t50.2886-16/59919652_178626969715556_4391011088657630572_n.mp4?_nc_cat=108&_nc_oc=AQkGR24tIuFglvvOUs8dB9hOdtFFKw6ABI5QYCDOgsoZdctc8dd9hw8QVcXcCJRgR2s&_nc_ht=scontent.xx&oh=2207d2af1bc4fe8996a466228f182a08&oe=5DD744C0,1
332,"1,78994632633123E+016",2019-05-14 15:45:25,"#объявадня
Mazda RX-7, 1995 год
1 200 000 ₽
⠀
Ссылку на объявление ищите в Stories.",CAROUSEL_ALBUM,https://scontent.xx.fbcdn.net/v/t51.2885-15/58745496_2141397915945243_774697420550548469_n.jpg?_nc_cat=111&_nc_oc=AQm0oQSCO6z67HuVIKal0p_xZ8Vt0RzYgVxYKhHMMn4vdn_2zv23T1OMl3z7pD2M_V4&_nc_ht=scontent.xx&oh=4f8be7369d288ccfc2963b1f8dcf2f68&oe=5DEA31E7,1
331,"1,80282072881658E+016",2019-05-15 18:09:29,"#объявадня
BMW 6-Series, 2003 год
1 500 000 ₽
⠀
Ссылку на объявление ищите в Stories.",IMAGE,https://scontent.xx.fbcdn.net/v/t51.2885-15/58842655_449803372230715_3982439261080134219_n.jpg?_nc_cat=111&_nc_oc=AQnBW_L-bDd_22fvMx7MHP6JcqS9E3srkcndk9dECragJ0xjul14p2nydp0a8MJ-Mbk&_nc_ht=scontent.xx&oh=34047178cf724aad8511db2708ed2a69&oe=5DEB58EF,1
330,"1,7857589644407E+016",2019-05-16 15:32:40,"Сотрудники литовской таможни в Мядининкае (на границе с Беларусью) задержали автовоз из России. Он проезжал через Прибалтику транзитом — ехал в Калининградскую область с семью новыми кроссоверами Skoda Kodiaq газовской сборки. Оказалось, что помимо автомобилей предприимчивый водитель автовоза контрабандой перевозил 3200 упаковок белорусских сигарет «Минск». Он намеревался «сбросить» сигареты в Литве, где его подельники реализовали бы их на черном рынке.
⠀
Литва (как и другие страны Прибалтики) входит в Евросоюз, сигареты там из-за европейских акцизов в несколько раз дороже, чем в России и Беларуси. Так, 3200 упаковок литовские таможенники оценили в сумму, превышающую 10 000 евро. С одной этой контрабанды водитель автовоза рассчитывал заработать несколько своих месячных зарплат.
⠀
Водителя сначала арестовали, затем отпустили под залог. Автовоз и груз задержаны, сообщает таможенно-криминальная служба Литвы",CAROUSEL_ALBUM,https://scontent.xx.fbcdn.net/v/t51.2885-15/60124598_660218061073301_476613283904914734_n.jpg?_nc_cat=102&_nc_oc=AQngA-zeHmhZA5hJvvH85PRcVwFJbbIST6snnaVo5tkNOqr7JBNV_iWBGAqLs0urr60&_nc_ht=scontent.xx&oh=12ee3e933dcd8e8584c7de5b878a8c43&oe=5DDC90B9,1
329,"1,80411796331844E+016",2019-05-22 18:26:47,"25-26 мая в Ростове-на-Дону пройдет Фестиваль тюнинга ЮгМоторШоу-2019, организатором которого выступает Drom.ru. 180 интересных проектов со всего Юга России будут бороться за Гран-при более миллиона рублей в 15 номинациях, а тысячи зрителей станут свидетелями фееричного шоу. Представляем одного из участников ЮМШ-2019 — Иж-2715 «Вкусный пирожок».
⠀
Этот Иж 1997-го года выпуска, а стоимость всех доработок составила более 500 000 рублей!
⠀
Вот что говорит об этом проекте его автор, Александр Сирота: «‎Хотел иметь красивый, мощный отечественный автомобиль с «автоматом», который бы «пригождался по хозяйству». Присматривался одно время к вазовской «четвёрке», но отказался что-то из неё делать, поскольку таких проектов много. Да, нетривиальность являлась ещё одним важным условием будущей работы. И в этом отношении Иж-2715 подошёл идеально (тем более что первым автомобилем был 412-й, и продолжение «москвичёвской темы» напрашивалось само собой). Кто делал что-то подобное?»
⠀
Что думаете об этом автомобиле? Действительно ли этот пирожок вкусный? Пишите в комментариях!",CAROUSEL_ALBUM,https://scontent.xx.fbcdn.net/v/t51.2885-15/61032716_2370061463274239_3904005731955838264_n.jpg?_nc_cat=111&_nc_oc=AQk9cKPxuTAUR-4zkh1qlOiKEmj78qvrCdfaRhsFkFdOClJBEthKG-PrtFLsJdkS3SM&_nc_ht=scontent.xx&oh=d9397a9691e30e14fc70a1a48687bbe5&oe=5DD2BA1F,1
328,"1,78666925773892E+016",2019-05-22 20:43:22,"В феврале подразделение Toyota Racing Development (TRD) представило концепт GR Supra Performance Line Concept TRD, и тогда же стало очевидно, что обвес рано или поздно пойдёт в серию. Так и произошло: компания выпустила его, заодно опубликовав информацию о ценах.
⠀
От стандартной Supra машина в тюнинге TRD отличается новым передним сплиттером с боковыми закрылками, накладками на порогах и дверях, спойлером на крышке багажника, а также диффузором, причём все эти аэродинамические элементы изготовлены из прочного и лёгкого углепластика.  По идее обвес должен увеличить прижимную силу машины, что позитивно скажется на «держаке» в поворотах, однако на данный момент TRD не приводит никаких цифр. Также японцы предлагают фирменные кованые колесные диски R19.
⠀
Стоит комплект недёшево: за тюнинг переднего бампера придётся заплатить в эквиваленте 2900 долларов, спойлер оценён в 1820 долларов, а боковые юбки в 3190 долларов. Если же владельцу придутся по душе диски, то их можно приобрести за 5830 долларов. По итогу, весь обвес с колёсными дисками обойдется покупателям в 13 750 долларов.
⠀
А вот силовыми установками специалисты TRD решили пока не заниматься. Напомним, что базовая версия купе оснащается 2,0-литровым двигателем BMW B48B20 мощностью 194-255 л.с., однако выбор следует делать, конечно же, в сторону 3,0-литровой «шестерки» B58B30 мощностью 335 л.с. Оба мотора работают с 8-ступенчатым «автоматом» ZF.
⠀
Напомним, что новая Supra будет продаваться и в России, правда, нашим автолюбителям достанется по официальным каналам лишь 22 экземпляра.",CAROUSEL_ALBUM,https://scontent.xx.fbcdn.net/v/t51.2885-15/59831694_868279126843345_1276992711170453443_n.jpg?_nc_cat=100&_nc_oc=AQlviUATZr6MKU0M7vCf_j763wYw4DDtSGCoMFEIQ6u2SNZVRATvjVysIoTq3yX8VrI&_nc_ht=scontent.xx&oh=7d9f6b809a9a94d8eab7e71c51e0238a&oe=5DDF76EB,1
327,"1,80462055751215E+016",2019-05-23 14:01:01,"Land Cruiser Prado потерял лидерство на авторынке Дальнего Востока
⠀
Лидеры продаж на рынке новых автомобилей Дальневосточного федерального округа традиционно отличаются от общероссийских бестселлеров. К примеру, в марте самой популярной машиной здесь стал внедорожник Toyota Land Cruiser Prado. Однако в апреле японский «Уазик» потерял звание лидера. Он отдал корону куда более обыденной по российским меркам модели — Kia Rio.
⠀
Удивительно, но факт: продажи бюджетного корейского автомобиля подскочили почти в четыре раза! В итоге за апрель 2019 года на Дальнем Востоке было реализовано 115 таких машин. Спрос на «Прадик» опустился на 23%, но даже с учетом этого он отстает от лидера всего на одну штуку: за прошлый месяц было продано 114 японских внедорожников. Недалеко ушёл и кроссовер Hyundai Creta, разошедшийся тиражом 111 автомобилей (+12,1%).
⠀
Также в пятерку лидеров на Дальнем Востоке вошли кроссовер Toyota RAV4 (102 шт.; +1%) и классическая «Нива» (72 шт.; -8,9%).
⠀
Что бы купили сами: cвежий Прадик или Киа Рио?",CAROUSEL_ALBUM,https://scontent.xx.fbcdn.net/v/t51.2885-15/59567784_868204506848957_8223601587388409114_n.jpg?_nc_cat=105&_nc_oc=AQmrH7qFCxoA6P6dTrWj8y9C10EJ82BPxhoNc9bMKwVk40m5TA0AqZx8vbX8dI_rKfE&_nc_ht=scontent.xx&oh=42866ef05d89d405ae0385fd9a53905a&oe=5DE1FBD1,1
326,"1,80415842970943E+016",2019-05-24 13:40:31,"25-26 мая в Ростове-на-Дону пройдёт Фестиваль тюнинга ЮгМоторШоу-2019, организатором которого выступает Drom.ru. 180 интересных проектов со всего Юга России будут бороться за Гран-при более миллиона рублей в 15 номинациях, а тысячи зрителей станут свидетелями фееричного шоу. Представляем одного из участников ЮМШ-2019 — Mercedes-Benz SL 500 «Волкодав».
⠀
Как думаете, сложно ли оформить такое «НЛО» в Краснодарском крае? Вот что рассказывает Игорь Владимиров, один из авторов проекта: «Казалось бы, всё должно быть просто. Технику не трогали, силовая структура сохранена. Соответственно, остались неизменными все элементы пассивной безопасности, включая подушки. Естественно, в наличии номера кузова и «чистые» документы. До начала работ отправляли их план в НАМИ, по итогу прошли там же экспертизу — успешно. Обратились в ГИБДД. Сначала в Краснодарский край, потом в Ставрополье, Адыгею, Ростов. Взяток не платили принципиально. Самый «крутой» ответ был: «Мы, пожалуй, не возьмёмся, посылайте документы в Дагестан»! Как это не возьметесь? Вы что, частная лавочка? Где-то отказали, откуда-то заключение так и не пришло. При том, что пакет документов отправляли письмами с уведомлением. В итоге на личной аудиенции с одним из начальников технадзора получили такую устную резолюцию — не хочу ставить на учёт, не нравится мне ваш проект. Полгода судились, узнав, что указанный человек не имеет ни техобразования, ни элементарной технической грамотности. Прошли благополучно ещё одну экспертизу и по её результатам выиграли суд. Сейчас автомобиль — с документами, на номерах.»
⠀
Что думаете об этом автомобиле? Хотели бы себе такого зверя? Пишите в комментариях!",CAROUSEL_ALBUM,https://scontent.xx.fbcdn.net/v/t51.2885-15/60084701_372362390045153_2757210302343750008_n.jpg?_nc_cat=100&_nc_oc=AQkbRrgiqneoB0WC-OiHHYlTuYUi5bie8czo81GZrkKPmTbW6t217V0pYSveKNwDZDs&_nc_ht=scontent.xx&oh=16d8521d438f34e33f36019f24b0ce98&oe=5DE56704,1
325,"1,78568286704124E+016",2019-05-24 18:47:10,"Как узнать, что за суперкар пролетел мимо в ночи? Конечно, по задним фонарям! Кто сможет вспомнить марку и модель всех этих машин, тот красавчик! ✌?",IMAGE,https://scontent.xx.fbcdn.net/v/t51.2885-15/59538384_358957078080750_8148186014119453685_n.jpg?_nc_cat=105&_nc_oc=AQm90HXF_p3FetDUAKxtSrRQUdGE5iM0m-Epj3ZNLMulDMz4M7LniygNtD3hrOawhHI&_nc_ht=scontent.xx&oh=a1c884f013e558961db91eab8fda8734&oe=5DD86F74,1
324,"1,79026145743092E+016",2019-05-25 19:47:36,"«Народный арт-перформанс» — житель Хабаровска в знак протеста против длительного отключения воды в его доме решил устроить заплыв в строительном котловане, который раскинулся посреди дороги.",VIDEO,https://scontent.xx.fbcdn.net/v/t50.2886-16/61777462_2277556342311294_8095621534025599510_n.mp4?_nc_cat=111&_nc_oc=AQm8i5ESwyr5PEGEeAExaOfLtx59qx9u-2Vovlbyicdx0YUqwk1EXKoWXup9rwT6DPQ&_nc_ht=scontent.xx&oh=4effdc033a5172e8c61782f163fc6714&oe=5DE2DA78,1
323,"1,79492792442816E+016",2019-05-26 21:34:17,"Вдохновляющий пример помощи случайных свидетелей ДТП. В Чеховском районе Московской области мотоциклист врезался в легковушку и попал под её колеса. Инцидент произошёл 21 мая неподалёку от деревни Крюково, когда девушка, сидевшая за рулём автомобиля Kia, выехала со второстепенной дороги перед несущимся мотоциклом. Произошло столкновение, и 25-летний водитель мотоцикла попал под колёса автомобиля, продолжавшего двигаться. Свидетель происшествия, идущий с маленьким сыном на плечах, мгновенно сориентировался, опустил ребенка на землю, подбежал к машине и остановил её. Затем мужчина криками подозвал к себе прохожих, и через считаные секунды они совместными усилиями подняли машину и спасли мотоциклиста. Его отправили в больницу.",VIDEO,https://scontent.xx.fbcdn.net/v/t50.2886-16/61869238_327339964607341_2351022124867928695_n.mp4?_nc_cat=110&_nc_oc=AQn-ugkux1JI65pGlwdF8VIw4aE45jOLSWu3bDy6DMQkzjvbDy3oefw2o-mGD6EYdI4&_nc_ht=scontent.xx&oh=b7fa88eb7a2906683d58b75ef2806f9b&oe=5DD81D9A,1
322,"1,79677589952654E+016",2019-05-27 23:19:26,"Красная машина домчалась до полуфинала! Сборная РФ по хоккею завоевала бронзу на ЧМ-2019, второе место — у канадцев, первое — у финнов.
У нас один вопрос: о чем вы думаете, когда слышите фразу «Красная машина»?
⠀
Ставь в комментариях эмоджи, если красная машина — это...
- красная машина ?
- хоккейная команда ?
- и то, и другое ?",IMAGE,https://scontent.xx.fbcdn.net/v/t51.2885-15/60142815_153911992322068_4741705222262850397_n.jpg?_nc_cat=107&_nc_oc=AQlQvriLzel6YGfcLmRNmNFVcp_A0OKRKVZ7U1JqG9dkeEKMwwMFNLJb4p2h8jtKTu0&_nc_ht=scontent.xx&oh=6a3a64b12630a3e6d4387c5bca44da6a&oe=5DE24677,1
321,"1,80694997290532E+016",2019-05-28 00:20:25,"«АвтоВАЗ» отзывает XRAY Cross из-за опасного дефекта рулевого управления. Завод уже разослал предписания своим дилерам. На автомобилях будут бесплатно менять промежуточный вал.

В предписании №23-19 от 24.05.19 г. «Об устранении несоответствия ЭУРУ» говорится: Срочно отозвать из эксплуатации автомобиль из списка и доставить его эвакуатором на территорию дилерского центра. При необходимости воспользоваться программой «Лада помощь на дороге». На автомобиле необходимо провести работы по замене вала промежуточного. Информация о доставке вала промежуточного и оформлению АГО будет сообщена дополнительно». «Пожарная» риторика письма недвусмысленно указывает на серьёзные последствия дефекта — машина попросту может внезапно стать неуправляемой.",IMAGE,https://scontent.xx.fbcdn.net/v/t51.2885-15/60324817_519647301904722_6808737617658896336_n.jpg?_nc_cat=108&_nc_oc=AQmnZNSjnAJiYTJ-igvoSUFuO6fiyyO_vcWL8UIwtv97JzTYxp_2J9t6bIKFbTd-Co0&_nc_ht=scontent.xx&oh=b38b6ee1302efa7b7f938160874dca9a&oe=5DC769F5,1
320,"1,80385940381503E+016",2019-05-28 02:01:12,"Чтобы выделиться на дороге, не обязательно покупать красный спорткар ?",IMAGE,https://scontent.xx.fbcdn.net/v/t51.2885-15/60846216_172290487107651_6788656222695451019_n.jpg?_nc_cat=102&_nc_oc=AQk8GEO1k25jtSiGdWw4cnddTd5MBlyEaj-4rMMOW8c4l0Xa6ABFolq2giIGhYUgMoY&_nc_ht=scontent.xx&oh=05753e88e238755254e2bdb46022b791&oe=5DCBBBDB,1
319,"1,78534783514319E+016",2019-05-28 04:01:14,"MG Metro 6R4 — это полный привод, среднемоторная компоновка и до 700 лошадиных сил! Если бы «Группу Б» не запретили в 1987-м, он бы и сегодня мог надрать зад немцам и итальянцам.",IMAGE,https://scontent.xx.fbcdn.net/v/t51.2885-15/61186249_2364804103755598_493388266106372437_n.jpg?_nc_cat=103&_nc_oc=AQlBfGi0a64pXSD31lmT_VnPeg8xDFEPWomS2Njv9cBP8L17Cnjy8BvG7g6r4LtKtTw&_nc_ht=scontent.xx&oh=8e48095d011dbb2c3d401cd4c21c1d3c&oe=5DDE082F,1
318,"1,80052250292002E+016",2019-05-28 05:10:19,"#объявадня
Чудесное транспортное средство продается в Увельском районе Челябинской области и на Drom. Зеленый броневик на шасси ГАЗ-67! Повторить выступление Ильича? Повторить подвиг Химайера? Участвовать в страйкбольных маневрах? Поразить жену до глубины души? Потратить миллион рублей самым оригинальным способом? Все это — реплика бронемашины БА-64б.
А вы посмотрите на этот шанцевый инструмент, заботливо выкрашенный в цвет кузова!",IMAGE,https://scontent.xx.fbcdn.net/v/t51.2885-15/60227545_385756395481249_6373990618242685166_n.jpg?_nc_cat=108&_nc_oc=AQl9ehwbI6n3-ojx85BDlVTFNXkeCNJG-DS_nWHeZjAUwf_FOIlNjFEmAs6YxvwY0ww&_nc_ht=scontent.xx&oh=0f2551a8282ac59c3fc994a6562f3090&oe=5DD64C25,1
317,"1,79037623593086E+016",2019-05-28 21:15:12,"Нам кажется, или в последнее время таксисты совсем страх потеряли?",IMAGE,https://scontent.xx.fbcdn.net/v/t51.2885-15/60840733_1165341480337524_7744942636031048115_n.jpg?_nc_cat=100&_nc_oc=AQn_bc4bRMqMHmA0htfKi796Utt2GyYAx7vBTc5yjz2IMTIHQKf2KPwA9CDzj7TzYgk&_nc_ht=scontent.xx&oh=c8e2db739c614e319bdda033f8e645bc&oe=5DDADA44,1
316,"1,79034538153122E+016",2019-05-28 21:35:18,"#объявадня ⠀
Mustang 1968 в идеальном состоянии подходит для ежедневной езды. Про машину можно не говорить — многие из нас мечтают о «Мустанге» ?  В этом объявлении интереснее всего комментарии: «Предлагаю обмен Вашего авто на щебень фракции 0-20 в количестве 300 тысяч тонн». Обязательно почитайте — там еще много веселого ?",IMAGE,https://scontent.xx.fbcdn.net/v/t51.2885-15/61315735_402223967033197_3704944932262303968_n.jpg?_nc_cat=111&_nc_oc=AQnTfeVd_Y6y4x2-70Ly-3QGkKcEXYivZt3MlBTeMeih93lpzaixoYYqsX9J5Yu13lE&_nc_ht=scontent.xx&oh=da64682d3040a17593187c3fd81c15c6&oe=5DDDC9F7,1
315,"1,80060680412044E+016",2019-05-29 00:13:16,"Пусть тот, кому кажется, что Tiguan будет плохо выглядеть с антикрылом, первый бросит в нас камень! Встреча GTI-фанов на Вёртер-Зе продолжает радовать нас сочными фотографиями.",IMAGE,https://scontent.xx.fbcdn.net/v/t51.2885-15/60674353_297125997831459_7459715763643504335_n.jpg?_nc_cat=100&_nc_oc=AQkv7X7N6imOpIqzVVlAFLFI0xPkFhGNGLNCKpDt1ziRIzx4Z_x2MrNEPn1fiWzIoYw&_nc_ht=scontent.xx&oh=61ecf99ac27c9c08817d611f0ed3bf38&oe=5DEA8186,1
314,"1,80712356820476E+016",2019-05-29 19:31:34,"Какой техники в армии ?? больше всего: танков, самолетов, катеров, БТР? Нет! Самая распространенная в войсках техника — автомобили. 
Кто служил водителем — шаг вперед!
⠀
Сегодня — День военного автомобилиста. Поздравляем всех причастных!",VIDEO,https://scontent.xx.fbcdn.net/v/t50.2886-16/61271560_135565067539725_8240462190936883004_n.mp4?_nc_cat=107&_nc_oc=AQkhLhTDqJGrH6-PBZ7YSJFp8sUkGFwtIkjbY7AAKmI4Ne2__JTA76GFJPIlQHtDEuY&_nc_ht=scontent.xx&oh=73bca41255e64f9df476f6d2ad313e5a&oe=5DD707FA,1
313,"1,78887419953403E+016",2019-05-29 20:30:13,"#объявадня
Крутейший кастом на «Дроме»: ГАЗ-53 “Redneck” продается в Тюмени за полтора миллиона рублей. Это первый автомобильный проект мотомастерской Ferrum Art Customs: рама «Газели», кабина от грузовика, «тойотовский» V8. Говорят, едет великолепно. А уж как выглядит!",IMAGE,https://scontent.xx.fbcdn.net/v/t51.2885-15/61399801_397485270842495_811149033683552692_n.jpg?_nc_cat=107&_nc_oc=AQnl6O3tSfksIU5drp4g-S_BYPt4TcI_wUIHwnyCZueMX8ACrrVpLyJLJ--yA1b8FPA&_nc_ht=scontent.xx&oh=883a3b275f9e6ed6361a38a64893b1bd&oe=5E15909F,1
312,"1,80476494961276E+016",2019-05-29 23:01:16,"А если нет разницы, то зачем платить больше? ?",IMAGE,https://scontent.xx.fbcdn.net/v/t51.2885-15/60945686_345674236090490_1472754227143649605_n.jpg?_nc_cat=107&_nc_oc=AQmbCFZdD6W_XSOO4U8a08A6pAZQHaQiVc7YxuIuhaVFq4f_B_9fZHMyazbgg_-xI2k&_nc_ht=scontent.xx&oh=abb3d49b6d0363038d356beb13a4eb6b&oe=5DDCBD56,1
311,"1,80432341770932E+016",2019-05-30 03:13:37,"Что интересного произошло в автомобильном мире сегодня, 29 мая?
Листай ➡",CAROUSEL_ALBUM,https://scontent.xx.fbcdn.net/v/t51.2885-15/60022146_2300055643646394_5499101098591398381_n.jpg?_nc_cat=103&_nc_oc=AQkAPXczPFz_NndLfNt58FliFBAyZPrMUoci7ajBzn3FCFrPK6zcJL4igWhSTVvAt5A&_nc_ht=scontent.xx&oh=e3e60c4f7bfef554895f9acb9bf6b8b2&oe=5DCB4B44,1
310,"1,80435054550917E+016",2019-05-30 16:31:50,"1 июля 2019 должен был вступить в действие ГОСТ 33670-2015, регламентирующий методы экспертизы и сертификационных испытаний так называемых единичных транспортных средств. То есть, тех, что ввозятся в Россию и другие страны Евразийского экономического союза (ЕАЭС) частным образом. Прежде всего это относится к автомобилям с правым расположением руля.
⠀
По нашей информации, полученной от источника в Минпромторге, срок введения новых правил сертификации «единичных» автомобилей переносится как минимум на год, в значительной степени из-за неготовности соответствующей инфраструктуры на Дальнем Востоке РФ.
⠀
Напомним, что 1 июля должны были измениться требования к сертификационным лабораториям, им надлежит иметь специально оборудованные площадки и даже разгонные полосы. На сегодняшний день всем требованиям ГОСТа на Дальнем Востоке соответствует только одна лаборатория, а потребность же в такого рода услугах многократно выше.
⠀
Один только анонс введения ГОСТа 33670-2015 вызвал в Приморье двукратное подорожание СБКТС. А после 1 июля цена одного Свидетельства могла бы подскочить до 25-50 тыс. руб.
⠀
Что думаете по этому поводу? Сможет ли государство когда-нибудь победить «праворульный» Дальний Восток?",IMAGE,https://scontent.xx.fbcdn.net/v/t51.2885-15/61127495_594994261009027_1133227518384730259_n.jpg?_nc_cat=110&_nc_oc=AQl4uavqH1l-F8iMHBP_sOqRr7HF90Uz8Qi2dZMNGBXb9ndyAJVaPRcbKZl6xy_roio&_nc_ht=scontent.xx&oh=1a507fc2eff0a0d05406b286b122dd43&oe=5DE17C6B,1
309,"1,80430248370936E+016",2019-05-30 21:43:16,На автомобилях JLR будет самовключающийся подогрев руля. Теперь у владельцев «Ягуаров» и «Рейнжей» будет подгорать сразу в нескольких местах ?,IMAGE,https://scontent.xx.fbcdn.net/v/t51.2885-15/60639463_139707640425394_2585230533872998010_n.jpg?_nc_cat=102&_nc_oc=AQk05LZHlP7Cg-HTei9_AcV8h1VIRtZWqdyZ98GrxjvcxCJwes2jz94q7eU4BXnyc6w&_nc_ht=scontent.xx&oh=7ff02ed35dbe22563dadba05aab83182&oe=5DD53E2A,1
308,"1,78879332703461E+016",2019-05-30 22:00:23,"#объявадня
Продающийся в Геленджике Qingli — электрический квадрицикл (не путать с квадроциклом!). «Имеются два зеркала заднего вида и цифровой радиоприемник», — хвастается владелец. 
Позволим себе немного поправить автора объявления: во-первых, современные аккумуляторы содержат гель, а не гелий, а потому называются гелевыми (не гелиевыми! ?); во-вторых, для управления таким квадрициклом нужна категория «В1» и возраст 18 лет, а вовсе не «М»!",IMAGE,https://scontent.xx.fbcdn.net/v/t51.2885-15/60574695_2363457493943394_8680948520133952223_n.jpg?_nc_cat=104&_nc_oc=AQns0pX2McNve1o5dLmxTjrtk8yR-iKhJ_dn4jIcrUvSZqWj4sGThkYYq6HDYJw4JL8&_nc_ht=scontent.xx&oh=da9f43be0610658388ede5cc19dee937&oe=5DD051E6,1
307,"1,78532488454382E+016",2019-05-30 23:34:14,"Друзья, мы тут нашли красивую фотографию, но никак не можем узнать автомобиль. Что это: Honda Legend или Peugeot 607? Ммм… Chevrolet Malibu? В общем, ваши варианты в комментарии! Не забываем правильно называть не только марку, но и модель и номер кузова!",IMAGE,https://scontent.xx.fbcdn.net/v/t51.2885-15/60819343_137884813970805_637072445661938806_n.jpg?_nc_cat=111&_nc_oc=AQkZtxwWFZ8dWsM3eg7lw4LgrjOC1u4zyC5JIXef4nkw01yR0A_SIYNHxTfUa-D3iYo&_nc_ht=scontent.xx&oh=ae4645e565ccd9943d1b8e54218d3c79&oe=5DCE6366,1
