id,remoteId,createdAt,text,pageId
7025,114660265281161_2132533906827110,"2019-03-01 03:08:33","Гос номера у частников будут стоить 2000 рублей

Подробнее: https://drom.ru/s/w5n",1
7024,114660265281161_2132613793485788,"2019-03-01 04:24:23","КАМАЗ уже год снимает своих красивых работниц

Смотрите фото: https://drom.ru/s/oZF",1
7023,114660265281161_2132703880143446,"2019-03-01 06:10:44","UAZ Patriot получил спецверсию с салатовым цветом кузова

Подробнее: https://drom.ru/s/48m",1
7022,114660265281161_2132747493472418,"2019-03-01 07:02:23","С обновлением Renault Duster его минимальная цена перевалила за 700 000 рублей

Подробнее: https://drom.ru/s/Qwl",1
7021,114660265281161_2132804986800002,"2019-03-01 08:02:18","Почему Hyundai не может уделать KIA? Выясняем на примере обновлённой Элантры

Читайте на сайте: https://drom.ru/s/Sgj",1
7020,114660265281161_2132857540128080,"2019-03-01 09:01:26","#объявадня 
ЗИЛ-41047, 1988 год 
15 999 000 ₽ 
⠀ 
Всю информацию можете найти на сайте — https://drom.ru/s/VEh",1
7019,114660265281161_2133127660101068,"2019-03-01 13:01:18","Девушка жалуется спутнику на неполадки в своем автомобиле.",1
7018,114660265281161_2133962330017601,"2019-03-02 02:17:13","Помните ДТП с БТРами? Вот как это было!

Смотрите видео: https://drom.ru/s/gLt",1
7017,114660265281161_2134739789939855,"2019-03-02 14:36:32","Чудо спасло пассажиров мопеда во Вьетнаме от верной смерти.",1
7016,114660265281161_2134742456606255,"2019-03-02 14:39:05","Грузовое судно из Владивостока врезалось в мост в Пусане — корейские СМИ сообщают, что капитан был пьян! Судно водоизмещением 6 тысяч тонн врезалось в участок между опорами моста, получив значительные повреждения и пробив в мосту дыру размером 5 на 5 метров. Морская полиция эвакуировала аварийное судно, движение по мосту перекрыто. Никто не пострадал.",1
7015,114660265281161_2135713199842514,"2019-03-03 07:14:47","Концерт рок-группы внутри Honda N-VAN? Загружаем гитару, басуху и ударную установку!

Читайте на сайте: https://drom.ru/s/oQn",1
7014,114660265281161_2135790086501492,"2019-03-03 08:30:28","По Аляске на доме на колёсах до Ледовитого Океана. 3700 км за неделю

Новые заметки об автопутешествии по ссылке: https://drom.ru/s/RDV",1
7013,114660265281161_2135857499828084,"2019-03-03 09:46:44","#объявадня 
Mercedes-Maybach S450 4MATIC, 2017 год 
8 850 000 ₽ 
⠀ 
Всю информацию можете найти на сайте — https://drom.ru/s/FMF",1
7012,114660265281161_2136058703141297,"2019-03-03 13:14:53","Tesla начала продажи бюджетной версии Model 3

Подробнее: https://drom.ru/s/V2n",1
7011,114660265281161_2136108806469620,"2019-03-03 13:59:24","Недавно мы публиковали видео из Сингапура, на котором из-за дорожного конфликта водитель грузовичка толкнул велосипедиста машиной на разделительную полосу. Вот еще одно видео из этой страны: здесь уже другие водитель грузовика и велосипедист не поделили дорогу, но в этот раз получил водитель. Похоже, у них там какая-то война.",1
7010,114660265281161_2136910936389407,"2019-03-04 03:32:43","Toyota Crown 2014 года: сколько пришлось копить на новый автомобиль, странный спортивный режим и почему внутренняя посадка внутри неудобная. 

Читайте новый отзыв от автовладельца: https://drom.ru/s/viQ",1
7009,114660265281161_2137034889710345,"2019-03-04 06:02:20","#объявадня 
Pontiac Firebird, 1997 год
1 000 000 ₽ 
⠀ 
Всю информацию можете найти на сайте — https://drom.ru/s/FYp",1
7008,114660265281161_2137082436372257,"2019-03-04 07:05:25","Передний привод и бездорожье — бред. А если с электронными помощниками?

Новый тест-драйв уже на сайте: https://drom.ru/s/Nat",1
7007,114660265281161_2137196799694154,"2019-03-04 09:26:54","Chery опубликовала цены на кроссовер Tiggo 7 в России, правда, дорестайлинговый

Смотрите по ссылке: https://drom.ru/s/XjU",1
7006,114660265281161_2137266676353833,"2019-03-04 10:52:05","МВД хочет создать открытый реестр автомобилей

Подробнее: https://drom.ru/s/OTq",1
7005,114660265281161_2137414129672421,"2019-03-04 13:03:25","Ford и GM одновременно сняли с производства две массовые модели

Подробнее: https://drom.ru/s/b2s",1
7004,114660265281161_2137478499665984,"2019-03-04 13:59:24",ЖЕНЯ,1
7003,114660265281161_2138232549590579,"2019-03-05 02:31:54","Компания Джуджаро разработала суперкар для плохих дорог

Подробнее о новинке: https://drom.ru/s/FpI",1
7002,114660265281161_2138290102918157,"2019-03-05 03:38:12","Автомобили Volvo не смогут разгоняться свыше 180 км/ч

Подробнее: https://drom.ru/s/EwD",1
7001,114660265281161_2138332829580551,"2019-03-05 04:30:21","#объявадня 
Toyota Mark II, 1997 год
1 100 000 ₽ 
⠀ 
Всю информацию можете найти на сайте — https://drom.ru/s/KhE",1
7000,114660265281161_2138382676242233,"2019-03-05 05:30:14","Skoda Kodiaq 2018 года: почему автор всё же выбрал семиместный кроссовер, а не недорогой B-класс, подробности о комплектации Active и 15 минусов Кодиака. 

Читайте новый отзыв от автовладельца: https://drom.ru/s/7Lf",1
6999,114660265281161_2138438679569966,"2019-03-05 06:35:05","Карлоса Гона выпустят на свободу. Пока временно

Подробнее: https://drom.ru/s/abz",1
6998,114660265281161_2138478072899360,"2019-03-05 07:30:25","Тестируем ОСАГО. Все те же «допы» и проблемы с электронным полисом. Но стало лучше

Читайте на сайте: https://drom.ru/s/eDk",1
6997,114660265281161_2138564239557410,"2019-03-05 09:29:35","В борьбе за титул автомобиля года в Европе Jaguar I-Pace едва не уступил Alpine A110

Подробнее: https://drom.ru/s/MQA",1
6996,114660265281161_2138824586198042,"2019-03-05 13:23:54","В Новой Зеландии водитель старенького заднеприводного седана Ford Falcon решил повыпендриваться на перекрёстке, но... Обязательно смотрите видео до конца.",1
6995,114660265281161_2139596879454146,"2019-03-06 02:22:24","Lamborghini привезла в Женеву самый мощный в истории Aventador SVJ Roadster

Подробнее: https://drom.ru/s/WjZ",1
6994,114660265281161_2139665386113962,"2019-03-06 03:37:32","Bugatti привезла в Женеву уникальный гиперкар с космическим ценником

Подробнее: https://drom.ru/s/DC7",1
6993,114660265281161_2139778022769365,"2019-03-06 05:28:43","Европейцам показали главное достижение русского автопрома

Подробнее: https://drom.ru/s/P41",1
6992,114660265281161_2139828562764311,"2019-03-06 06:32:24","Начинка гибридов и электромобилей: разбираем все детали

Читайте новую статью на сайте: https://drom.ru/s/Fh6",1
6991,114660265281161_2139940429419791,"2019-03-06 08:45:19","Reuters: два завода по производству Фордов закроются в России

Подробнее: https://drom.ru/s/Evk",1
6990,114660265281161_2140073952739772,"2019-03-06 11:17:46","CX-30 — новый глобальный кроссовер от Mazda

Все подробности о новинке: https://drom.ru/s/qcW",1
6989,114660265281161_2140121146068386,"2019-03-06 12:01:53","#объявадня 
Lexus LX570, 2012 год
4 150 000 ₽ 
⠀ 
Всю информацию можете найти на сайте — https://drom.ru/s/wnX",1
6988,114660265281161_2140188649394969,"2019-03-06 13:06:05","Владивостокская таможня перестанет оформлять автомобили иногородних покупателей в конце марта

Подробнее: https://drom.ru/s/OoZ",1
6987,114660265281161_2140250716055429,"2019-03-06 13:59:29","В США прошли соревнования по триалу на монстр-траках. Нам эта культура, конечно, чужда, но посмотрите, что вытворял победитель этих соревнований в зачете «Фристайл» по имени Дизель Дейв.",1
6986,114660265281161_2140971902649977,"2019-03-07 02:55:23","Гиперкар Koenigsegg Jesko стал прижизненным памятником отцу основателя компании

Подробнее: https://drom.ru/s/KLd",1
6985,114660265281161_2141044112642756,"2019-03-07 04:26:22","Hyundai Sonata со сменой поколений кардинально сменила стиль

Подробнее: https://drom.ru/s/U24",1
6984,114660265281161_2141094782637689,"2019-03-07 05:30:22","Авторынок в феврале: внезапный спад

Читайте на сайте: https://drom.ru/s/Ogb",1
6983,114660265281161_2141147625965738,"2019-03-07 06:30:39","В Россию придёт всего 22 экземпляра Toyota Supra

Подробнее: https://drom.ru/s/DVn",1
6982,114660265281161_2141195399294294,"2019-03-07 07:30:21","Народное ретро. Nissan Laurel C33 1989 года. «Корчевать» или реставрировать…

Читать: https://drom.ru/s/jVG",1
6981,114660265281161_2141280949285739,"2019-03-07 09:23:04","Nissan Terrano 2018 года: три месяца активной эксплуатации, стоит  ли ездить на Террано в гололёд и при какой температуре автомобиль отказывается заводиться.

Читайте новый отзыв от автовладельца: https://drom.ru/s/4RQ",1
6980,114660265281161_2141563325924168,"2019-03-07 13:57:10","В гостях у «дяди Васи». Женщины и гаражный сервис — совместимы?

Читайте на сайте: https://drom.ru/s/q3E",1
6979,114660265281161_2141697665910734,"2019-03-07 16:01:17","В Харькове, Украина, не поделили дорогу... два трамвая. Да, бывает и такое.",1
6978,114660265281161_2142180129195821,"2019-03-08 00:45:32","Дорогие дамы! Аминистрация сайта drom.ru поздравляет вас с Международым женским днём! Желаем много любви, счастья, весеннего тепла и удачи на дороге!

И пусть, если вас и останавливают сотрудники ДПС, то только для того, чтобы признаться в любви.

С праздником!",1
6977,114660265281161_2142337955846705,"2019-03-08 03:44:33","Санкции угрожают проекту «ГАЗели-Next» с турбодизелем Volkswagen

Подробнее: https://drom.ru/s/BDm",1
6976,114660265281161_2143812115699289,"2019-03-09 05:04:04","#объявадня 
Mitsubishi Lancer Evolution, 2000 год 
3 990 000 ₽ 
⠀ 
Всю информацию можете найти на сайте — https://drom.ru/s/oLe",1
6975,114660265281161_2144069789006855,"2019-03-09 10:14:23","Новейший Тойота Краун. Одна модель и три силовых агрегата на тест-драйве

Читайте на сайте: https://drom.ru/s/Mvi",1
6974,114660265281161_2144299718983862,"2019-03-09 13:51:43","Автопутешествие по Западной Украине на российских номерах

Читайте об этом автопутешествии по ссылке: https://drom.ru/s/4vz",1
6973,114660265281161_2145245552222612,"2019-03-10 07:14:18","Фоторепортаж: 28-я Олдтаймер-галерея в Москве

Смотрите все фото: https://drom.ru/s/ruj",1
6972,114660265281161_2145475302199637,"2019-03-10 11:40:56","#объявадня 
ЗАЗ Запорожец, 1987 год 
1 000 000 ₽ 
⠀ 
Всю информацию можете найти на сайте — https://drom.ru/s/1Rz",1
6971,114660265281161_2145601028853731,"2019-03-10 13:47:24","Пешеход разыграл случайного водителя: во время перехода дороги он изобразил, что перешагивает через какое-то препятствие, чем немало озадачил автомобилиста.",1
6970,114660265281161_2146349415445559,"2019-03-11 04:25:24","Audi показала в Женеве закамуфлированный электрокар E-tron Sportback

Подробнее о новинке: https://drom.ru/s/6IP",1
6969,114660265281161_2146391042108063,"2019-03-11 05:32:04","Воспоминания о перегонах начала 2000-х

Читайте по ссылке: https://drom.ru/s/DNx",1
6968,114660265281161_2146428675437633,"2019-03-11 06:30:47","Сколько спортивных Вест продали за первый месяц?

Смотрите ответ: https://drom.ru/s/K5c",1
6967,114660265281161_2146482685432232,"2019-03-11 07:54:34","Топ-10 иномарок по скорости гниения

Смотрите список: https://drom.ru/s/isB",1
6966,114660265281161_2146595438754290,"2019-03-11 10:20:49","На загородной трассе под Владивостоком перевернулся ЗРПК «Панцирь-С»

Фото и подробности: https://drom.ru/s/Gtp",1
6965,114660265281161_2146722322074935,"2019-03-11 12:51:07","Кабриолет Volkswagen Beetle с автографом Путина передали на благотворительность

Подробнее: https://drom.ru/s/izD",1
6964,114660265281161_2146758732071294,"2019-03-11 13:30:20","Tesla опубликовала изображение кроссовера Model Y

Подробнее: https://drom.ru/s/EkJ",1
6963,114660265281161_2146791355401365,"2019-03-11 13:59:20","В Харькове водитель трамвая нашла действенный метод борьбы с зацеперами.",1
6962,114660265281161_2147430598670774,"2019-03-12 02:13:53","Tesla повышает стоимость своих автомобилей

Подробнее: https://drom.ru/s/6uS",1
6961,114660265281161_2147496468664187,"2019-03-12 03:40:35","Обновлённая Hyundai Elantra: начались продажи в России

Подробнее: https://drom.ru/s/u6G",1
6960,114660265281161_2147594598654374,"2019-03-12 05:58:35","Renault Duster для Индии обновят серьёзнее, чем для России

Подробнее: https://drom.ru/s/OZM",1
6959,114660265281161_2147658015314699,"2019-03-12 07:27:48","Новая Гранта Спорт: сроки и планы

Читайте на сайте: https://drom.ru/s/mOb",1
6958,114660265281161_2147714265309074,"2019-03-12 08:31:46","#объявадня 
Nissan 350Z, 2005 год
1 100 000 ₽ 
⠀ 
Всю информацию можете найти на сайте — https://drom.ru/s/m5D",1
6957,114660265281161_2147834731963694,"2019-03-12 10:55:04","Как заработать на автомобиле: пять способов

Читайте по ссылке: https://drom.ru/s/vZ3",1
6956,114660265281161_2147946905285810,"2019-03-12 12:50:37","Acura обзаведется спортивным седаном и купеобразным кроссовером

Подробнее: https://drom.ru/s/BC8",1
6955,114660265281161_2148013695279131,"2019-03-12 13:51:32","Героическая буксировка автомобиля.",1
6954,114660265281161_2148747615205739,"2019-03-13 02:59:13","Чем Сердюков планировал заменить УАЗы в армии?

Смотрите фото редкого прототипа: https://drom.ru/s/2L0",1
6953,114660265281161_2148792975201203,"2019-03-13 04:01:22","Депутаты предлагают отменить транспортный налог. Опять

Подробнее: https://drom.ru/s/ogB",1
6952,114660265281161_2148859605194540,"2019-03-13 05:40:31","Ретротест VW Passat B2. Он всё ещё едет 120 км/ч!

Читайте на сайте: https://drom.ru/s/gdV",1
6951,114660265281161_2148909505189550,"2019-03-13 06:41:53","Mitsubishi Outlander 2018 года: почему этот автомобиль лучше Mazda СХ-4, советы по общению с автодилерами и как наживаются страховые компании при ремонте по ОСАГо.

Читайте новый отзыв от автовладельца: https://drom.ru/s/MII",1
6950,114660265281161_2148948808518953,"2019-03-13 07:24:14","Сверхдлинные фургоны и микроавтобусы «ГАЗель Next» появилась в продаже

Цены, фото и подробности: https://drom.ru/s/k2a",1
6949,114660265281161_2149002098513624,"2019-03-13 08:31:40","Русские мотоциклы УРАЛ в Японии: кто их покупает и сколько они стоят?

Смотрите новое видео на канале Drom Fun: https://drom.ru/s/kFk",1
6948,114660265281161_2149053578508476,"2019-03-13 09:30:17","#объявадня 
BMW M2, 2016 год 
2 900 000 ₽ 
⠀ 
Всю информацию можете найти на сайте — https://drom.ru/s/Zpe",1
6947,114660265281161_2149277111819456,"2019-03-13 13:30:35","Камера наружного наблюдения на одной из набережной в Китае запечатлела, как автомобиль удрал от хозяина, чтобы хорошенько помыться.",1
6946,114660265281161_2149775391769628,"2019-03-14 03:33:20","Это фиаско: Infiniti покидает рынки стран Западной Европы

Подробнее: https://drom.ru/s/Owv",1
6945,114660265281161_2149823815098119,"2019-03-14 04:34:33","Toyota привезла в Россию внедорожники Land Cruiser 200 и Land Cruiser Prado в тюнинге TRD

Подробнее: https://drom.ru/s/pCM",1
6944,114660265281161_2149861851760982,"2019-03-14 05:23:13","Всем старым машинам без ведома владельца присвоят экологический класс

Подробнее: https://drom.ru/s/bgA",1
6943,114660265281161_2149888625091638,"2019-03-14 06:01:49","У нового Chevrolet Corvette C8 под нагрузкой ведёт кузов

Подробнее: https://drom.ru/s/5Wj",1
6942,114660265281161_2149932598420574,"2019-03-14 07:02:18","В Калуге наладят производство турбомоторов Volkswagen

Подробнее: https://drom.ru/s/Wkf",1
6941,114660265281161_2149975638416270,"2019-03-14 08:01:40","В поисках идеального кроссовера: Forester, X-Trail, Tucson

Читайте на сайте: https://drom.ru/s/pD4",1
6940,114660265281161_2150027178411116,"2019-03-14 09:02:09","Mazda готовит сюрприз фанатам роторных двигателей

Подробнее: https://drom.ru/s/i7x",1
6939,114660265281161_2150073758406458,"2019-03-14 10:01:18","#объявадня 
BMW i8, 2016 год 
4 890 000 ₽ 
⠀ 
Всю информацию можете найти на сайте — https://drom.ru/s/fLi",1
6938,114660265281161_2151318424948658,"2019-03-15 03:46:33","Opel рассказал, какие модели будет предлагать в России после возвращения

Подробнее: https://drom.ru/s/JPf",1
6937,114660265281161_2151368231610344,"2019-03-15 04:45:34","ГАЗ знакомит дилеров с новым «Садко» Next. Скоро серия

Подробнее: https://drom.ru/s/STM",1
6936,114660265281161_2151434721603695,"2019-03-15 05:58:25","Новая Tesla Model Y: линейка Теслы стала SEXY

Все подробности о новинке: https://drom.ru/s/7Kx",1
6935,114660265281161_2151444138269420,"2019-03-15 06:11:15","Архангельск, Россия. Водитель машины, из которой сделана съемка, не скупится на выражения, но, в общем, его понять можно.",1
6934,114660265281161_2151537448260089,"2019-03-15 08:01:32","Блог Лада Веста Кросс. Не дождавшись ремонта после ДТП, попали в новое :-( 

Читайте новый пост на сайте: https://drom.ru/s/WL2",1
6933,114660265281161_2151587791588388,"2019-03-15 09:02:07","Skoda Kodiaq 2018 года: минусы конкурентов, выбор комплектации и почему система экстренного торможения может сыграть злую шутку.

Читайте новый отзыв от автовладельца: https://drom.ru/s/V4Y",1
6932,114660265281161_2151641241583043,"2019-03-15 10:01:32","#объявадня 
Mercedes-Benz W140 S500 Guard, 1997 год 
1 100 000 ₽ 
⠀ 
Всю информацию можете найти на сайте — https://drom.ru/s/Awf",1
6931,114660265281161_2152823968131437,"2019-03-16 05:44:04","СМИ: под брендом Aurus выпустят ещё и вертолет

Подробнее: https://drom.ru/s/vBd",1
6930,114660265281161_2152859191461248,"2019-03-16 06:30:20","Турбированная версия Geely Atlas стоит меньше 1,5 млн рублей

Подробнее: https://drom.ru/s/USP",1
6929,114660265281161_2152915891455578,"2019-03-16 07:31:18","Топ-30 бестселлеров на крупнейших автомобильных рынках планеты

Смотрите список: https://drom.ru/s/J89",1
6928,114660265281161_2153018684778632,"2019-03-16 09:37:23","Подсчитано количество «праворулек» в России

Смотрите ответ по ссылке: https://drom.ru/s/JJ1",1
6927,114660265281161_2154380157975818,"2019-03-17 08:37:00","Немцы о Ладе 4х4 Урбан: «двойка с минусом», но...

Читайте на сайте: https://drom.ru/s/0xp",1
6926,114660265281161_2154572591289908,"2019-03-17 11:57:53","Функция открытия багажника с ноги в немецкой и советской машинах.",1
6925,114660265281161_2155543907859443,"2019-03-18 03:28:18","В Москве открылся ещё один автомобильный музей

Все фото смотрите по ссылке: https://drom.ru/s/EWg",1
6924,114660265281161_2155591901187977,"2019-03-18 04:30:16","Лада Веста Кросс 2018 года: история покупки автомобиля для отца, проблемы с резиной в межсезонье и почему выбор машины похож на выбор жены.

Читайте новый отзыв от автовладельца: https://drom.ru/s/TMk",1
6923,114660265281161_2155663427847491,"2019-03-18 06:02:22","Зачем покупать английский кроссовер, а не японский внедорожник? Тестируем новый Evoque

Читайте по ссылке: https://drom.ru/s/chN",1
6922,114660265281161_2155779711169196,"2019-03-18 08:17:20","Росгвардия испытывает Весты с тепловизорами

Подробнее: https://drom.ru/s/y6I",1
6921,114660265281161_2155837964496704,"2019-03-18 09:30:00","В России подсчитали количество электромобилей

Ответ смотрите по ссылке: https://drom.ru/s/PfZ",1
6920,114660265281161_2155946021152565,"2019-03-18 11:27:10","Эксклюзив: план производства Lada Vesta на весь текущий год

Читайте на сайте: https://drom.ru/s/oft",1
6919,114660265281161_2156123861134781,"2019-03-18 14:12:10","Ещё один способ оперирования крышкой багажника ногой. На сей раз — более изящный, но и машина более современная — Веста.",1
6918,114660265281161_2156840427729791,"2019-03-19 02:18:28","ГЛОНАСС всё-таки следит: в России создадут систему «Автодата»

Подробнее: https://drom.ru/s/6pH",1
6917,114660265281161_2156892374391263,"2019-03-19 03:16:18","Nissan Leaf стал первым электромобилем, преодолевшим рубеж в 400 000 экземпляров

Подробнее: https://drom.ru/s/drV",1
6916,114660265281161_2156985471048620,"2019-03-19 05:07:19","Nissan раскрыл цены обновлённого кроссовера Qashqai для России

Подробности по ссылке: https://drom.ru/s/Asn",1
6915,114660265281161_2157035257710308,"2019-03-19 06:05:38","#объявадня 
Chrysler New Yorker, 1956 год 
2 990 000 ₽ 
⠀ 
Всю информацию можете найти на сайте — https://drom.ru/s/TOO",1
6914,114660265281161_2157087774371723,"2019-03-19 07:11:19","На платных трассах в России стали часто сбивать шлагбаумы. «Автодор» грозит лишением прав

Подробнее: https://drom.ru/s/6NT",1
6913,114660265281161_2157406877673146,"2019-03-19 12:43:39","12 типично женских ошибок за рулем

Читать: https://drom.ru/s/Acy",1
6912,114660265281161_2158322564248244,"2019-03-20 04:51:19","Объявлены цены обновлённого седана Subaru Legacy

Подробнее: https://drom.ru/s/dFE",1
6911,114660265281161_2158377337576100,"2019-03-20 06:02:52","Из «ГАЗели» Next сделали вездеход за 3,2 млн рублей

Подробнее об этом авто: https://drom.ru/s/nzK",1
6910,114660265281161_2158428140904353,"2019-03-20 07:10:59","Honda Accord седьмого (CL/CM) и восьмого (CU/CW) поколений, 2002–2013 гг. Звучать по-своему!

Читайте на сайте: https://drom.ru/s/poS",1
6909,114660265281161_2158495800897587,"2019-03-20 08:35:09","МВД предложило оснастить автобусы трёхточечными ремнями безопасности

Подробнее: https://drom.ru/s/Ywt",1
6908,114660265281161_2158600007553833,"2019-03-20 10:20:52","В России хотят запретить продажу топлива класса ниже «Евро-5»

Подробнее: https://drom.ru/s/ifG",1
6907,114660265281161_2158703447543489,"2019-03-20 12:04:31","Трамвай в Токио — как это работает

Смотрите новое видео на канале Drom Fun: https://drom.ru/s/Isn",1
6906,114660265281161_2158767150870452,"2019-03-20 13:01:21","«После ДТП уехал своим ходом», — довольно распространенная формулировка при описании состояния автомобиля, пострадавшего в аварии. Однако «уехал своим ходом» вовсе не означает его хорошей сохранности.",1
6905,114660265281161_2159999484080552,"2019-03-21 10:08:31","Skoda Karoq будут выпускать в России. Где и когда?

 Есть ответ: https://drom.ru/s/Fwm",1
6904,114660265281161_2160071257406708,"2019-03-21 11:24:11","Босс Cadillac обещает защищать новый мотор V8 от других брендов GM ценой собственной жизни

Подробнее: https://drom.ru/s/vZb",1
6903,114660265281161_2160138700733297,"2019-03-21 12:26:58","Правительство хочет отказаться от контроля цен на бензин. Когда ждать подорожания?

Отвечаем: https://drom.ru/s/862",1
6902,114660265281161_2160203617393472,"2019-03-21 13:27:10","Минэкономики предложило ослабить требования по локализации в автопроме

Подробнее: https://drom.ru/s/Kk7",1
6901,114660265281161_2161464757267358,"2019-03-22 10:29:38","Самые крутые авторынки России: репортаж из Грозного

Читайте на сайте: https://drom.ru/s/o5u",1
6900,114660265281161_2161543153926185,"2019-03-22 11:37:59","Австрийцы назвали Lada Vesta SW победителем конкурса экономичности

Подробнее: https://drom.ru/s/oXO",1
6899,114660265281161_2161588540588313,"2019-03-22 12:18:48","Китайцы разработали водородный автомобиль с запасом хода 1000 км

Подробнее: https://drom.ru/s/46d",1
6898,114660265281161_2162690197144814,"2019-03-23 06:25:40","В России появился Haval H9 в новой комплектации. Он дороже, чем Toyota Prado

Подробнее: https://drom.ru/s/NYA",1
6897,114660265281161_2162720213808479,"2019-03-23 07:02:47","Купеобразный кроссовер Porsche Cayenne Coupe стал ответом на BMW X6

Подробнее: https://drom.ru/s/DZv",1
6896,114660265281161_2164045640342603,"2019-03-24 05:33:27","Самодельные автомобили в СССР: как и почему их появилось так много?

Читайте на сайте: https://drom.ru/s/5ww",1
6895,114660265281161_2164121103668390,"2019-03-24 07:02:41","В Японии нашли старый украинский ЛуАЗ

Подробнее: https://drom.ru/s/4ZY",1
6894,114660265281161_2164204350326732,"2019-03-24 08:43:06","Land Rover наконец-то засудил китайских «копипастеров»

Подробнее: https://drom.ru/s/mlR",1
6893,114660265281161_2164351706978663,"2019-03-24 11:20:57","Обновлённый гибрид BMW X1 удивит приличным запасом хода на электротяге

Подробнее: https://drom.ru/s/iz7",1
6892,114660265281161_2164458530301314,"2019-03-24 13:04:47","Механик в автомастерской решил разыграть своего коллегу; это первый после многочасового ремонта запуск двигателя.",1
6891,114660265281161_2165319113548589,"2019-03-25 03:48:38","Грузия. Сочиняя мечты

Читайте новые заметки о путешествии: https://drom.ru/s/OPX",1
6890,114660265281161_2165376300209537,"2019-03-25 05:01:17","#объявадня 
Toyota Mark II, 1995 год 
1 550 550 ₽ 
⠀ 
Всю информацию можете найти на сайте — https://drom.ru/s/qRH",1
6889,114660265281161_2165429126870921,"2019-03-25 06:09:37","Обновлённый Nissan Qashqai. За что два миллиона?

Новый тест-драйв по ссылке: https://drom.ru/s/SH6",1
6888,114660265281161_2165474210199746,"2019-03-25 07:11:19","За скрутку пробега предложили сажать в тюрьму

Подробнее: https://drom.ru/s/NX9",1
6887,114660265281161_2165681260179041,"2019-03-25 11:21:39","Volkswagen представил первые автомобили своего нового бренда Jetta

Подробнее: https://drom.ru/s/ND7",1
6886,114660265281161_2165760010171166,"2019-03-25 12:35:52","Транспортный налог предложили привязать к массе автомобиля

Подробнее: https://drom.ru/s/5ln",1
6885,114660265281161_2165850226828811,"2019-03-25 13:27:32","Лыжи, мотор и пропеллер — необычный способ передвижения в зимних условиях Салехарда.",1
6884,114660265281161_2166707966743037,"2019-03-26 04:01:20","План доработок Lada 4x4 («Нива») попал в СМИ 

Список изменений ищите на сайте: https://drom.ru/s/Vut",1
6883,114660265281161_2166760363404464,"2019-03-26 05:02:17","Немец полвека ждёт от BMW извинений за дефектную окраску его машины

Подробнее: https://drom.ru/s/ER4",1
6882,114660265281161_2166836800063487,"2019-03-26 06:38:18","Mazda представила обновлённый кроссовер CX-9 в России: дешевле предшественника

Подробнее: https://drom.ru/s/6aT",1
6881,114660265281161_2166928606720973,"2019-03-26 08:31:36","Изысканный и элегантный: GM опубликовал фото нового Buick LaCrosse

Все фото: https://drom.ru/s/7E2",1
6880,114660265281161_2166993786714455,"2019-03-26 09:47:09","Тестируем Mazda CX-9. Фейслифтинг без фейслифтинга

Читайте на сайте: https://drom.ru/s/jDX",1
6879,114660265281161_2167052290041938,"2019-03-26 10:45:00","Новая гоночная модель Ferrari P80/C создана в единственном экземпляре

Подробнее об этом автомобиле: https://drom.ru/s/mDF",1
6878,114660265281161_2167149183365582,"2019-03-26 12:14:07","Toyota начала серийное производство новой Супры

Подробнее: https://drom.ru/s/g3P",1
6877,114660265281161_2167309916682842,"2019-03-26 14:20:02","Север России: белый медведь перебегает дорогу-зимник словно заурядная кошка.",1
6876,114660265281161_2168169079930259,"2019-03-27 02:30:57","СМИ: легковые Ford прекратят выпускать в России летом

Подробнее: https://drom.ru/s/MAn",1
6875,114660265281161_2168264119920755,"2019-03-27 04:07:58","СПИК «АвтоВАЗа» предусматривает выпуск 26 новых моделей

Подробнее: https://drom.ru/s/l5g",1
6874,114660265281161_2168310283249472,"2019-03-27 05:01:20","Toyota, Lamborghini и Michelin не хотят видеть русский Aurus в Европе

Подробнее о ситуации: https://drom.ru/s/p0q",1
6873,114660265281161_2168387176575116,"2019-03-27 06:31:58","Kia Stinger 2018 года: выбор и особенности комплектации “Prestige“, оценка эксплуатации по десятибалльный шкале и почему Стингер является однозначным прорывом для Кореи.

Читайте новый отзыв от автовладельца: https://drom.ru/s/TEB",1
6872,114660265281161_2168436119903555,"2019-03-27 07:25:57","Audi готовит серьёзного конкурента топ-версии Tesla Model 3

Подробнее: https://drom.ru/s/jZL",1
6871,114660265281161_2168657156548118,"2019-03-27 11:18:59","«Зверь» Путина, или Кремль на колёсах. Что пишут про Aurus на Западе?

Читайте на сайте: https://drom.ru/s/hco",1
6870,114660265281161_2168802989866868,"2019-03-27 13:34:34","Что такое мастерство — демонстрирует оператор экскаватора.",1
6869,114660265281161_2169625763117924,"2019-03-28 02:49:07","Mitsubishi представила брутальную версию L200 (в духе Ford Raptor)

Подробнее: https://drom.ru/s/cfm",1
6868,114660265281161_2169672899779877,"2019-03-28 03:37:36","Chevrolet Niva: в преддверии фейслифтинга?

Подробнее по ссылке: https://drom.ru/s/2YA",1
6867,114660265281161_2169717106442123,"2019-03-28 04:30:09","СМИ: НАМИ построил парадные кабриолеты марки Aurus

Подробнее: https://drom.ru/s/rjD",1
6866,114660265281161_2169786856435148,"2019-03-28 05:33:59","Jeep Grand Cherokee 2017 года: диковинный для российского жителя автомобиль, плюсы и минусы интерьера и почему это авто нельзя сравнивать с Тойотой Ленд Крузер.

Читайте новый отзыв от автовладельца: https://drom.ru/s/znh",1
6865,114660265281161_2169836906430143,"2019-03-28 06:34:47","Daimler AG испытывает на российском Дальнем Востоке грузовик с «вечным сцеплением»

Подробнее: https://drom.ru/s/Spm",1
6864,114660265281161_2170062893074211,"2019-03-28 10:50:57","Блог УАЗ Патриот. С востока на юг: зимний перегон Патриота без «головы»

Читайте новый пост на сайте: https://drom.ru/s/JHU",1
6863,114660265281161_2170156726398161,"2019-03-28 12:13:08","Подробно про мотоциклы URAL в Японии + обзор выставки Tokyo Motorcycle Show 2019

Смотрите новое видео на канале Drom Fun: https://drom.ru/s/EFo",1
6862,114660265281161_2170221129725054,"2019-03-28 13:10:04","Авария на кольцевых гонках привела к тому, что болид лишился всех наружных кузовных панелей.",1
6861,114660265281161_2171075946306239,"2019-03-29 02:52:02","Aurus будет участвовать в гонках «24 часа Ле Мана», уже построен болид

Подробнее: https://drom.ru/s/a8U",1
6860,114660265281161_2171135859633581,"2019-03-29 04:01:09","Концепт KIA Mohave Masterpiece намекнул на второе поколение рамного внедорожника

Подробнее: https://drom.ru/s/vFp",1
6859,114660265281161_2171218476291986,"2019-03-29 05:40:22","Как выглядит 16-летняя Corolla с пробегом 1 000 000 км

Фото и подробности: https://drom.ru/s/wyf",1
6858,114660265281161_2171263689620798,"2019-03-29 06:30:37","#объявадня 
Subaru Impreza WRX STI, 2012 год 
1 800 000 ₽ 
⠀ 
Всю информацию можете найти на сайте — https://drom.ru/s/doW",1
6857,114660265281161_2171312189615948,"2019-03-29 07:30:22","Как мы ездили на мега-грузовике за 42 000 000 руб.

Читайте на сайте: https://drom.ru/s/Aq8",1
6856,114660265281161_2171449366268897,"2019-03-29 10:07:44","Samsung представил перелицованную версию кроссовера Renault Arkana

Подробнее о новинке: https://drom.ru/s/RuD",1
6855,114660265281161_2172840446129789,"2019-03-30 09:29:54","Hyundai Sonata нового поколения получила турбомотор и гибридную версию

Подробнее: https://drom.ru/s/i6e",1
6854,114660265281161_2172902182790282,"2019-03-30 10:36:45","«GM-АвтоВАЗ» представил штатную мультимедийную систему для Chevrolet Niva

Подробнее: https://drom.ru/s/YpD",1
6853,114660265281161_2173213662759134,"2019-03-30 15:08:07","В Техасе (США) недалеко от границы с Мексикой полицейские подъехали к подозрительному пикапу Ford, стоявшему на обочине. Не успели они выйти из машины, чтобы поговорить с водителем пикапа, как тот дал по газам. Ну а вскоре вскрылась причина, почему он не хотел общаться с полицейскими — машина до отказа «набита» нелегалами из Мексики! Сколько их здесь?",1
7220,114660265281161_2174140482666452,"2019-03-31 06:23:32","Первая в мире Toyota Supra нового поколения с мотором 2JZ-GTE уже дважды горела

Подробнее: https://drom.ru/s/DIt",1
7219,114660265281161_2174284655985368,"2019-03-31 09:06:22","Ателье Hennessey сделало мощный Ford Raptor для Дуэйна «Скалы» Джонсона

Подробнее: https://drom.ru/s/2Yu",1
7218,114660265281161_2174344349312732,"2019-03-31 10:03:32","УАЗ Пикап сняли в роли «папамобиля» в популярном европейском сериале

Подробности и видео: https://drom.ru/s/FP3",1
7217,114660265281161_2174430109304156,"2019-03-31 11:30:41","Honda Jazz нового поколения лишится традиционных двигателей

Подробнее: https://drom.ru/s/Qig",1
7216,114660265281161_2174566099290557,"2019-03-31 13:27:38","В станице Фастовецкой Краснодарского края дорожникам не выделили денег на новый асфальт, но дали на краску для разметки. Пришлось наносить разметку местами прямо по земле.",1
7215,114660265281161_2175362392544261,"2019-04-01 01:47:01","Chery наладит в России производство трёх моделей

Узнайте какие и где: https://drom.ru/s/EDj",1
7214,114660265281161_2175450405868793,"2019-04-01 03:01:04","Инсайдер: Mitsubishi купил у «АвтоВАЗа» лицензию на Весту

Все неподробности: https://drom.ru/s/DEA",1
7213,114660265281161_2175503415863492,"2019-04-01 04:00:59","В краю потерянных судеб

Читайте новые заметки о путешествии: https://drom.ru/s/PUg",1
7212,114660265281161_2175576819189485,"2019-04-01 05:20:05","Тест ржавых вёдер. «Зубило» против «классики»

Читайте на сайте: https://drom.ru/s/PNy",1
7211,114660265281161_2175693252511175,"2019-04-01 07:35:42","УАЗ 469 1984 года: история приобретения и возрождения.

Читайте новый отзыв от автовладельца: https://drom.ru/s/YOs",1
7210,114660265281161_2175739205839913,"2019-04-01 08:31:28","Продавать е-ОСАГО позволят посредникам

Подробнее: https://drom.ru/s/HqB",1
7209,114660265281161_2175821345831699,"2019-04-01 10:01:19","Источник: российский Aurus подает в суд на Rolls-Royce (за дизайн) и на Toyota (за имя)

Деликатные подробности: https://drom.ru/s/7Qf",1
7208,114660265281161_2175890605824773,"2019-04-01 11:01:06","В российских колониях вместо автозаков будут выпускать суперкары

Подробнее: https://drom.ru/s/17Q",1
7207,114660265281161_2176062605807573,"2019-04-01 13:16:11","Китайские строители включили смекалочку — и придумали, как при помощи экскаватора ускорить выравнивание цементной заливки.",1
7206,114660265281161_2176913822389118,"2019-04-02 02:30:14","Aurus запатентовал окончательный облик минивэна Arsenal

Больше изображений: https://drom.ru/s/nVZ",1
7205,114660265281161_2176982715715562,"2019-04-02 03:40:14","УАЗ пообещал представить «Русский Прадо» за 1,5 млн рублей

Подробнее: https://drom.ru/s/Mzx",1
7204,114660265281161_2177035342376966,"2019-04-02 04:38:22","Toyota RAV4 2017 года: на что способен РАВ4 с двигателем 2.0, за что любят Тойоту в России и почему этот кроссовер выглядит как кусок ?

Читайте новый отзыв от автовладельца: https://drom.ru/s/1sg",1
7203,114660265281161_2177109069036260,"2019-04-02 06:01:47","#объявадня 
Maserati GranTurismo, 2009 год 
1 990 000 ₽ 
⠀ 
Всю информацию можете найти на сайте — https://drom.ru/s/Ytf",1
7202,114660265281161_2177160029031164,"2019-04-02 07:02:11","Кроссовер Hyundai Venue оказался уменьшенной версией Santa Fe

Подробнее: https://drom.ru/s/LpY",1
7201,114660265281161_2177236732356827,"2019-04-02 08:31:37","У Lamborghini не осталось претензий к бренду Aurus

Подробнее: https://drom.ru/s/QUu",1
7200,114660265281161_2177336672346833,"2019-04-02 10:22:12","Автомобили-«глюки» из Голландии и душевный трактор-автодом из России

Читайте новую статью на сайте: https://drom.ru/s/Enj",1
7199,114660265281161_2177606438986523,"2019-04-02 14:07:13","У проекта Кортеж новый руководитель

Подробнее: https://drom.ru/s/RO9",1
7198,114660265281161_2178408165573017,"2019-04-03 03:00:41","Кроссовер Chery Tiggo 8 обновился и обзавёлся новым мотором

Подробнее: https://drom.ru/s/7J5",1
7197,114660265281161_2178468948900272,"2019-04-03 04:09:45","Самые популярные дизели. Топ машин нашего рынка

Смотрите список: https://drom.ru/s/PZT",1
7196,114660265281161_2178538208893346,"2019-04-03 05:32:15","Toyota Alphard 2002 года: почему с таким автомобилем хорошо, если не разобьёшься на первом перекрёстке, на чём ездит вся Америка и Канада и особенности техосмотра зарубежом.

Читайте новый отзыв от автовладельца: https://drom.ru/s/t4A",1
7195,114660265281161_2178682108878956,"2019-04-03 08:06:17","Ford распродаёт машины в России: Focus — от 705 тысяч, Kuga — от 1,3 млн

Подробнее: https://drom.ru/s/KtM",1
7194,114660265281161_2178786135535220,"2019-04-03 09:53:25","Что мы потеряли: представлено новое поколение Ford Kuga

Подробнее о новинке: https://drom.ru/s/eij",1
7193,114660265281161_2178928608854306,"2019-04-03 11:55:04","Пикапы-трудяги против гламурных грузовиков. Тестируем четыре модели

Читайте на сайте: https://drom.ru/s/5iK",1
7192,114660265281161_2179007972179703,"2019-04-03 13:01:12","В китайской армии есть прикольное приспособление, которое позволяет развернуть грузовик буквально на пятачке.",1
7191,114660265281161_2179079945505839,"2019-04-03 13:59:15","Дорожное покрытие в Японии: пример грамотного подхода к строительству дорог

Смотрите новое видео на канале Drom Fun: https://drom.ru/s/ZtQ",1
7190,114660265281161_2179841238763043,"2019-04-04 02:01:46","В Тольятти засняли прототип обновлённой Lada Granta Sport

Все фото: https://drom.ru/s/1eO",1
7189,114660265281161_2179896708757496,"2019-04-04 03:01:07","ГАЗ хотят лишить прав на торговую марку «Победа»

Подробнее: https://drom.ru/s/ykc",1
7188,114660265281161_2179948018752365,"2019-04-04 04:01:28","Путин приехал на открытие завода Mercedes-Benz в Московской области на Аурусе

Подробнее: https://drom.ru/s/jww",1
7187,114660265281161_2180006438746523,"2019-04-04 05:01:32","«Вьетнамские БМВ» запатентовали в России (и это неслучайно)

Подробнее: https://drom.ru/s/KZb",1
7186,114660265281161_2180061855407648,"2019-04-04 06:01:52","Nissan Patrol 2010 года: автомобиль, доставшийся по взаимозачёту, большой расход и транспортный налог и детальный разбор ходовых качеств.

Читайте новый отзыв от автовладельца: https://drom.ru/s/YmI",1
7185,114660265281161_2180112985402535,"2019-04-04 07:02:13","#объявадня 
Mini Roadster, 2013 год 
1 777 000 ₽ 
⠀ 
Всю информацию можете найти на сайте — https://drom.ru/s/QaE",1
7184,114660265281161_2180165165397317,"2019-04-04 08:01:54","Бывший цех ЗИЛа стал самым большим дилерским центром Mercedes-Benz в Европе

Подробнее: https://drom.ru/s/r96",1
7183,114660265281161_2180214735392360,"2019-04-04 09:01:50","KIA сделала Панамеру для бедных? Первый тест спортуниверсала ProCeed

Читайте на сайте: https://drom.ru/s/AvQ",1
7182,114660265281161_2180271332053367,"2019-04-04 10:01:15","Как дурят дилеры при продаже нового авто в кредит

Смотрите новое видео на канале Drom Fun: https://drom.ru/s/sPb",1
7181,114660265281161_2180331552047345,"2019-04-04 11:01:06","Ford Puma теперь будет кроссовером: известны детали

Подробнее: https://drom.ru/s/Ewn",1
7180,114660265281161_2180471218700045,"2019-04-04 13:06:41","Новый выпуск ГвоздиShow — на этот раз о технологиях искусственого интеллекта в автомобиле.",1
7179,114660265281161_2181325255281308,"2019-04-05 02:45:54","Chery показала интерьер рестайлингового кроссовера Tiggo 8: всё по-новому 

Больше фото: https://drom.ru/s/Fg9",1
7178,114660265281161_2181403515273482,"2019-04-05 04:01:12","Авторынок в марте: снова плюс!

Новый отчёт уже сайте: https://drom.ru/s/bsO",1
7177,114660265281161_2181479945265839,"2019-04-05 05:01:47","Запас хода электрокаров могут довести до 1000 километров уже через несколько лет

Подробнее: https://drom.ru/s/ZRL",1
7176,114660265281161_2181563688590798,"2019-04-05 06:11:17","Можно ли сейчас ездить с «квадратными» номерами?

Читайте на сайте: https://drom.ru/s/u4I",1
7175,114660265281161_2181622388584928,"2019-04-05 07:02:26","#объявадня 
Москвич 403, 1964 год 
1 370 000 ₽ 
⠀ 
Всю информацию можете найти на сайте — https://drom.ru/s/3FX",1
7174,114660265281161_2181690655244768,"2019-04-05 08:01:40","«Нет, это не Subaru». Тест ядреной Toyota Caldina GT-Four

Читайте на сайте: https://drom.ru/s/oqh",1
7173,114660265281161_2181979465215887,"2019-04-05 11:58:04","Bugatti рассказала, чем ее кроссовер будет отличаться от Bentley, Porsche и Audi

Подробности по ссылке: https://drom.ru/s/3Po",1
7172,114660265281161_2182863688460798,"2019-04-06 00:09:54","Начальник ГИБДД Москвы ушёл в отставку (из-за резонансного ДТП)

Подробнее: https://drom.ru/s/rHS",1
7171,114660265281161_2182937051786795,"2019-04-06 01:20:43","В июле выйдет бюджетный кроссовер Renault за 500 тысяч рублей. Но есть нюанс

Подробности по ссылке: https://drom.ru/s/hgL",1
7170,114660265281161_2185042228242944,"2019-04-07 10:30:16","«Побольше лидаров, побольше!»: невесёлые мысли после соревнования беспилотников

Читайте на сайте: https://drom.ru/s/TsG",1
7169,114660265281161_2185213958225771,"2019-04-07 13:09:45","Обзор тестов летних шин сезона-2019: новинки и бюджетные

Читайте по ссылке: https://drom.ru/s/PuT",1
7168,114660265281161_2185277954886038,"2019-04-07 13:59:28","Курение над заправочным пистолетом — это по определению признак сверх-разума.",1
7167,114660265281161_2186128914800942,"2019-04-08 04:13:24","Неудачный перегон Тойоты Короллы. Декабрь 2003 год

Читайте на сайте: https://drom.ru/s/0yP",1
7166,114660265281161_2186209004792933,"2019-04-08 05:45:54","Битва комплектаций. Выбираем оптимальное оснащение компактного кроссовера

Читать: https://drom.ru/s/TES",1
7165,114660265281161_2186276351452865,"2019-04-08 07:12:04","#объявадня 
Toyota GT 86, 2012 год 
1 275 000 ₽ 
⠀ 
Всю информацию можете найти на сайте — https://drom.ru/s/o9Y",1
7164,114660265281161_2186526494761184,"2019-04-08 11:39:54","В ГИБДД назвали самые опасные для водителей регионы России

Смотрите по ссылке: https://drom.ru/s/eDU",1
7163,114660265281161_2186580378089129,"2019-04-08 12:30:04","BMW, Daimler AG и Volkswagen заподозрены в картельном сговоре

Подробнее о ситуации: https://drom.ru/s/VJq",1
7162,114660265281161_2186660368081130,"2019-04-08 13:30:24","Можно было подумать, что у водителя заснятого на МКАД Hyundai Vercruz барахлит навигатор, но нет — это наркотики.",1
7161,114660265281161_2187529361327564,"2019-04-09 03:21:56","Супердорогой электрический Мустанг из России: собран первый кузов

Подробнее: https://drom.ru/s/hoT",1
7160,114660265281161_2187620367985130,"2019-04-09 04:56:44","Российский генерал: в воюющей Сирии дороги лучше, чем в мирном Екатеринбурге

Подробнее: https://drom.ru/s/fZQ",1
7159,114660265281161_2187683174645516,"2019-04-09 06:10:35","Audi вывела на российский рынок самую дешёвую версию седана A8

Подробнее: https://drom.ru/s/RMR",1
7158,114660265281161_2187745744639259,"2019-04-09 07:22:54","Три русские мечты: X5, Крузак и Туарег

Сравниваем эти автомобили в нашей новой статье: https://drom.ru/s/HRX",1
7157,114660265281161_2187808017966365,"2019-04-09 08:37:35","С 15 апреля в России подорожают платные дороги

Подробнее: https://drom.ru/s/Hgh",1
7156,114660265281161_2187883327958834,"2019-04-09 09:56:34","В скором времени договор купли-продажи автомобилей станет электронным

Подробнее: https://drom.ru/s/mIb",1
7155,114660265281161_2188062784607555,"2019-04-09 12:41:15","Как будет выглядеть новый бюджетный кроссовер Hyundai Venue — это больше не секрет

Подробнее о новинке: https://drom.ru/s/Lll",1
7154,114660265281161_2188130371267463,"2019-04-09 13:30:38","На Украине своя атмосфера...",1
7153,114660265281161_2188999974513836,"2019-04-10 02:25:24","Lexus представит свою версию Toyota Alphard через неделю

Подробнее: https://drom.ru/s/AZ3",1
7152,114660265281161_2189062711174229,"2019-04-10 03:30:14","Карлос Гон всё-таки рассказал правду «о том, что происходит»

Читайте на сайте: https://drom.ru/s/QaK",1
7151,114660265281161_2189123514501482,"2019-04-10 04:30:23","Volkswagen выкатил на тесты прототип самой мощной модификации Tiguan R

Подробнее: https://drom.ru/s/F8c",1
7150,114660265281161_2189179881162512,"2019-04-10 05:31:42","Как найти хороший шиномонтаж?

Разбираемся в нашем новом материале: https://drom.ru/s/uCn",1
7149,114660265281161_2189225801157920,"2019-04-10 06:30:33","#объявадня 
Porsche Cayenne, 2018 год 
10 300 000 ₽ 
⠀ 
Всю информацию можете найти на сайте — https://drom.ru/s/Bh7",1
7148,114660265281161_2189276564486177,"2019-04-10 07:30:16","Volkswagen Caravelle 2018 года: первая часть отзыва о том, как автор «дошёл до такой жизни» и купил Фольксваген Каравеллу (да еще и в лизинг) и непосредственно сама история покупки данного авто.

Читайте новый отзыв от автовладельца: https://drom.ru/s/Y7p",1
7147,114660265281161_2189353254478508,"2019-04-10 09:02:02","На ралли-рейде в Аргентине у участников загорелся болид. К счастью, им хватило сноровки быстро покинуть его.",1
7146,114660265281161_2190449614368872,"2019-04-11 02:01:45","Минтранс обвинил регионы в подложной статистике о состоянии дорог

Подробнее: https://drom.ru/s/kER",1
7145,114660265281161_2190515764362257,"2019-04-11 03:00:36","Mercedes-Benz GLS нового поколения готов к дебюту: опубликованы фотографии

Все фото: https://drom.ru/s/6cH",1
7144,114660265281161_2190574234356410,"2019-04-11 04:00:59","Импорт легковых автомобилей в Россию в 2019 году неожиданно обвалился

Подробнее: https://drom.ru/s/nwf",1
7143,114660265281161_2190632691017231,"2019-04-11 05:01:31","Штраф за превышение скорости может увеличиться в шесть раз — инициатива ГИБДД

Подробнее: https://drom.ru/s/Rax",1
7142,114660265281161_2190684761012024,"2019-04-11 06:01:55","Самые крутые авторынки России: «Зеленый угол», Владивосток

Читайте на сайте: https://drom.ru/s/c82",1
7141,114660265281161_2190735724340261,"2019-04-11 07:02:15","Volkswagen Teramont 2018 года: сравнение с Каравеллой, средний расход топлива и кому не подойдёт этот автомобиль.

Читайте новый отзыв от автовладельца: https://drom.ru/s/JhL",1
7140,114660265281161_2191174010963099,"2019-04-11 14:07:00","Поразительное видео из Таиланда: водитель байка только благодаря своей сообразительности избежал участи быть расплющенным 40-футовым морским контейнером.",1
7139,114660265281161_2191926804221153,"2019-04-12 01:32:56","«Русский Прадо»: первые подробности про УАЗ Патриот 2020 года

Читайте на сайте: https://drom.ru/s/xmh",1
7138,114660265281161_2192038680876632,"2019-04-12 03:07:27","Минпромторг рассказал, сколько заказано Сенатов и когда выйдет внедорожник Komendant

https://drom.ru/s/RvQ",1
7137,114660265281161_2192086254205208,"2019-04-12 04:01:01","Русский инженер обвинил шоу с Джереми Кларксоном в плагиате

Подробнее: https://drom.ru/s/vNt",1
7136,114660265281161_2192142230866277,"2019-04-12 05:01:44","Renault рассказала подробности о серийной версии кроссовера Arkana для России

Читайте по ссылке: https://drom.ru/s/f1u",1
7135,114660265281161_2192192817527885,"2019-04-12 06:02:05","В гостях у «дяди Васи». Две Лады и «китаец»: с кем больше проблем?

Читайте на сайте: https://drom.ru/s/B66",1
7134,114660265281161_2192239007523266,"2019-04-12 07:02:19","На чём ездить по Луне? Семь машин у нас над головой

Читайте: https://drom.ru/s/JSa",1
7133,114660265281161_2192286784185155,"2019-04-12 08:01:46","Космический ЗИЛ. Знакомимся с редчайшим вездеходом

https://drom.ru/s/2Tm",1
7132,114660265281161_2192336780846822,"2019-04-12 09:01:53","«АвтоВАЗ» уходит из Европы. Навсегда?

Разбираемся в ситуации: https://drom.ru/s/fBK",1
7131,114660265281161_2192601090820391,"2019-04-12 13:01:04","Общее отношение потребителей к каршерингу: не своё — не жалко. Вот куда нелёгкая завела этот каршеринговый Mercedes-Benz GLA.",1
7130,114660265281161_2193642574049576,"2019-04-13 04:42:15","Медведев утвердил новый порядок внесения изменений в конструкции автомобилей

Подробнее: https://drom.ru/s/U4J",1
7129,114660265281161_2193781634035670,"2019-04-13 07:24:15","Парад Победы 2019 будут принимать на Аурусах. Уже идут репетиции

Подробнее: https://drom.ru/s/ABX",1
7128,114660265281161_2195221947224972,"2019-04-14 06:02:08","Исторический миксер: что происходит с наследием ЗиЛа?

Читайте на сайте: https://drom.ru/s/adx",1
7127,114660265281161_2195557330524767,"2019-04-14 12:04:13","Toyota RAV4 вновь обрела индивидуальность

Читайте наш обзор на сайте: https://drom.ru/s/UPr",1
7126,114660265281161_2195606000519900,"2019-04-14 13:00:59","Западные перегоны 90-х, а также дромовские истории, о космических технологиях и рыбалке

Читайте на сайте: https://drom.ru/s/mdZ",1
7125,114660265281161_2195682387178928,"2019-04-14 13:59:19","Пешеход пошёл на красный и зачем-то остановился. Всё кончилось хорошо, никто не умер, только ушибы и ссадины.",1
7124,114660265281161_2196462577100909,"2019-04-15 02:31:59","Новый Mercedes-Benz GLS: первые фото

Смотрите по ссылке: https://drom.ru/s/jQD",1
7123,114660265281161_2196557157091451,"2019-04-15 04:11:49","Toyota Carina ED 1994 года: история о том, как я пересел с ВАЗ-2115 на машину мечты

Читайте новый отзыв от автовладельца: https://drom.ru/s/Fjd",1
7122,114660265281161_2196767753737058,"2019-04-15 08:16:22","Volkswagen представил электрический кроссовер с трёхрядным салоном

Подробнее о новинке: https://drom.ru/s/GGU",1
7121,114660265281161_2196867413727092,"2019-04-15 09:56:30","С BMW 1-Series сорвали покровы, но пока не до конца

Подробнее: https://drom.ru/s/rZr",1
7120,114660265281161_2196939127053254,"2019-04-15 11:01:23","#объявадня 
Lincoln Continental, 1960 год
4 400 000 ₽ 
⠀ 
Всю информацию можете найти на сайте — https://drom.ru/s/PCX",1
7119,114660265281161_2197000783713755,"2019-04-15 12:01:40","Торговля едой с колёс: все плюсы и минусы

Читайте на сайте: https://drom.ru/s/pyO",1
7118,114660265281161_2197148017032365,"2019-04-15 14:02:57","Гаишник поражает своей сдержанностью.",1
7117,114660265281161_2198010190279481,"2019-04-16 04:01:02","СМИ подтвердили, что автомобили Ravon будут собирать на заводе Derways

Подробнее: https://drom.ru/s/Tgp",1
7116,114660265281161_2198076253606208,"2019-04-16 05:01:21","Сколько новых водителей появилось в РФ в 2018 году?

Есть ответ: https://drom.ru/s/fz2",1
7115,114660265281161_2198130186934148,"2019-04-16 06:02:23","Volkswagen представил в Шанхае самый большой кроссовер за всю свою историю

Подробнее о новинке: https://drom.ru/s/JBS",1
7114,114660265281161_2198178033596030,"2019-04-16 07:02:05","«АвтоВАЗ» тихо внёс изменения в комплектацию Лады Гранты

Смотрите полный список: https://drom.ru/s/BoW",1
7113,114660265281161_2198224500258050,"2019-04-16 08:01:32","Скидки на машины по госпрограммам: стоит поторопиться?

Новая статья на сайте: https://drom.ru/s/S6u",1
7112,114660265281161_2198276343586199,"2019-04-16 09:01:58","Из Удмуртии в Горный Алтай на автодоме Mercedes-Benz Zetros. Сентябрь 2017

Читайте по ссылке: https://drom.ru/s/LaR",1
7111,114660265281161_2198412080239292,"2019-04-16 11:19:49","В Шанхае дебютировал первый минивэн марки Lexus

Подробнее: https://drom.ru/s/cfd",1
7110,114660265281161_2198532453560588,"2019-04-16 13:01:38","У пожарных машин с заполненной водой цистерной — высокий центр тяжести, поэтому перевернуть их очень просто. Вот, например, пожарный Урал лёг на бок от, в общем, не такого уж сильного удара.",1
7109,114660265281161_2199482346798932,"2019-04-17 04:00:57","Nissan Sylphy нового поколения удивил дизайном

Подробнее: https://drom.ru/s/paT",1
7108,114660265281161_2199532966793870,"2019-04-17 05:01:37","«АвтоВАЗ» предлагает всем желающим придумать имя для новых моделей

Все подробности по ссылке: https://drom.ru/s/jbC",1
7107,114660265281161_2199587313455102,"2019-04-17 06:02:45","Новый эксперимент на российских дорогах: платные перекрестки

Подробнее: https://drom.ru/s/dU2",1
7106,114660265281161_2199637966783370,"2019-04-17 07:02:25","Hyundai Creta второго поколения показали в Китае

Подробнее о новинке: https://drom.ru/s/s9l",1
7105,114660265281161_2199701363443697,"2019-04-17 08:02:09","ВИДЕО: слёт поклонников старых КрАЗов в Германии (!)

Смотреть: https://drom.ru/s/32A",1
7104,114660265281161_2199753193438514,"2019-04-17 09:01:53","#объявадня 
ГАЗ 24 Волга, 1978 год
1 500 000 ₽ 
⠀ 
Всю информацию можете найти на сайте — https://drom.ru/s/WWn",1
7103,114660265281161_2200896089990891,"2019-04-18 02:48:40","«Живые» фото с Шанхайского автосалона – китайцы жгут!

Смотрите по ссылке: https://drom.ru/s/13M",1
7102,114660265281161_2200942379986262,"2019-04-18 03:40:08","«АвтоВАЗ» сертифицировал XRAY с мотором Renault и вариатором Jatco. Скоро продажи

Больше подробностей: https://drom.ru/s/aAC",1
7101,114660265281161_2201057589974741,"2019-04-18 05:39:49","Надо ли в России менять масло чаще, чем в других странах?

Отвечаем: https://drom.ru/s/BU4",1
7100,114660265281161_2201088703304963,"2019-04-18 06:17:08","В России стал доступен «эксклюзивный» Volkswagen Touareg

Подробнее: https://drom.ru/s/3ro",1
7099,114660265281161_2201150456632121,"2019-04-18 07:30:12","Существует ли в Японии рынок импортных автомобилей?

Рассказываем в новом видео: https://drom.ru/s/Ne2",1
7098,114660265281161_2201206346626532,"2019-04-18 08:31:49","Со сменой поколений Toyota Highlander перешёл на платформу TNGA

Подробнее: https://drom.ru/s/EA3",1
7097,114660265281161_2201275056619661,"2019-04-18 09:48:08","Дерипаска: «Группа ГАЗ» не выживет, если с неё не снимут санкции

Подробнее: https://drom.ru/s/1fL",1
7096,114660265281161_2201319613281872,"2019-04-18 10:30:24","#объявадня 
Mazda RX-8, 2005 год
700  000 ₽ 
⠀ 
Всю информацию можете найти на сайте — https://drom.ru/s/gBR",1
7095,114660265281161_2201523546594812,"2019-04-18 13:30:14","Мастер-класс по парковке  от неизвестного гуру из Китая.",1
7094,114660265281161_2202452066501960,"2019-04-19 03:36:31","Новый Mercedes-Benz GLS стал более крупным, обтекаемым и электрифицированным

Подробнее: https://drom.ru/s/gam",1
7093,114660265281161_2202527253161108,"2019-04-19 04:51:29","Subaru Outback нового поколения обзавелся турбомотором и экраном в стиле Tesla Model S

Подробнее: https://drom.ru/s/Y9B",1
7092,114660265281161_2202584163155417,"2019-04-19 05:54:49","ЭРА-ГЛОНАСС спасла семейную пару от дорожных бандитов

Подробнее: https://drom.ru/s/3oI",1
7091,114660265281161_2202646029815897,"2019-04-19 07:01:55","Кто «премиальнее»: Camry, «шестёрка» или Optima?

Читайте на сайте: https://drom.ru/s/gRl",1
7090,114660265281161_2202746989805801,"2019-04-19 08:54:29","ГИБДД впервые раскрыла данные об экологических классах автомобилей в стране

Смотрите на сайте: https://drom.ru/s/Tih",1
7089,114660265281161_2202929786454188,"2019-04-19 11:42:49","Toyota прокомментировала тихий показ таинственного купе с необычным дизайном

Подробнее: https://drom.ru/s/efW",1
7088,114660265281161_2202992963114537,"2019-04-19 12:40:09","Ретротест «Запорожца». Как он прошёл путь от ржавого гаража до гоночного трека

Читайте на сайте: https://drom.ru/s/TOI",1
7087,114660265281161_2203050203108813,"2019-04-19 13:30:34","В Медногорске Оренбургской области полным фиаско завершилась погоня гаишников на Гранте за некими нарушителями на ВАЗ-2101 — машина дорожной полиции провалилась в придорожную водосточную канаву. «Копейке» удалось объехать эту неожиданную яму, а полицейскому автомобилю — нет...",1
7086,114660265281161_2204371476310019,"2019-04-20 06:56:18","Телеканал Минобороны полностью раскрыл облик парадного кабриолета Aurus

Смотрите по ссылке: https://drom.ru/s/wuj",1
7085,114660265281161_2204435002970333,"2019-04-20 08:01:53","СМИ: разделение водителей на любителей и профессионалов произойдет не ранее 2020 года

Подробнее: https://drom.ru/s/4yK",1
7084,114660265281161_2204495106297656,"2019-04-20 09:02:37","КАМАЗ отказался от покупки погибающего производителя троллейбусов

Подробнее: https://drom.ru/s/vAe",1
7083,114660265281161_2204795979600902,"2019-04-20 13:01:12","Поразительное видео: взрослая собака спасает щенка от риска быть раздавленным автомобилем.",1
7082,114660265281161_2205975859482914,"2019-04-21 06:07:45","«АвтоВАЗ» признал, что двигатель Renault легче и точнее его собственного

Подробнее: https://drom.ru/s/cBG",1
7081,114660265281161_2206028346144332,"2019-04-21 07:01:58","Непривычно восхитительная. Первый тест полноприводной Mazda 3

Читайте на сайте: https://drom.ru/s/GnR",1
7080,114660265281161_2206086339471866,"2019-04-21 08:01:46","Путешествие на автодоме по Карелии в июле 2017 года

Читайте по ссылке: https://drom.ru/s/hi6",1
7079,114660265281161_2206281536119013,"2019-04-21 11:01:38","#объявадня 
Nissan Skyline, 2001 год
1 500 000 ₽ 
⠀ 
Всю информацию можете найти на сайте — https://drom.ru/s/Y5B",1
7078,114660265281161_2206354692778364,"2019-04-21 12:01:25","Гибридная Toyota Succeed. Кто, если не она?

Наш новый тест-драйв уже доступен: https://drom.ru/s/py6",1
7077,114660265281161_2206438676103299,"2019-04-21 13:01:21","В Нью-Джерси, США, непогода сорвала с опор провода, ремонтник на грузовике приехал чинить поломку, но получилось не очень...",1
7076,114660265281161_2207522162661617,"2019-04-22 06:02:23","Глазами «перекупов». Грустная правда о нас, покупателях

Читать: https://drom.ru/s/FYD",1
7075,114660265281161_2207577029322797,"2019-04-22 07:02:07","С 1 мая вступит в силу ГОСТ по уменьшенным дорожным знакам

Подробнее: https://drom.ru/s/Ja2",1
7074,114660265281161_2207648905982276,"2019-04-22 08:24:42","В России неожиданно рухнули продажи люксовых автомобилей

Подробнее: https://drom.ru/s/j4A",1
7073,114660265281161_2207708269309673,"2019-04-22 09:30:15","Ford Explorer 2016 года: отзыв об автомобиле-убийце.

Читайте новый отзыв от автовладельца: https://drom.ru/s/mkJ",1
7072,114660265281161_2207769645970202,"2019-04-22 10:30:14","#объявадня 
Porsche Cayenne, 2012 год 
4 500 000 ₽ 
⠀ 
Всю информацию можете найти на сайте — https://drom.ru/s/5FR",1
7071,114660265281161_2207857982628035,"2019-04-22 11:57:21","Завод ЗАЗ продает уникальный Lanos для кольцевых гонок

Подробнее: https://drom.ru/s/5Z2",1
7070,114660265281161_2207930225954144,"2019-04-22 13:01:15","Америка, как всегда, радует зрелищными полицейскими погонями — во Флориде на минувшей неделе гонялись за старым Nissan Altima. За рулём была женщина в наркотическом опьянении, с ней в салоне сидели две подружки, тоже «в хлам». По сообщению издания The Smoking Gun, когда женщин догнали и вытащили из машины, оказалось, что все трое — совершенно голые. В видео этого момента, к сожалению или к счастью, нет.",1
7069,114660265281161_2208879659192534,"2019-04-23 03:30:42","Работники Mazda отреставрировали Familia начала 80-х

Фото и подробности: https://drom.ru/s/mPC",1
7068,114660265281161_2208943052519528,"2019-04-23 04:35:12","Взорвавшаяся батарея уничтожила Tesla Model S и еще несколько автомобилей

Смотрите видео: https://drom.ru/s/sIt",1
7067,114660265281161_2208999052513928,"2019-04-23 05:32:01","Kia Soul со сменой поколений почти не подорожал

Подробнее: https://drom.ru/s/uTG",1
7066,114660265281161_2209048345842332,"2019-04-23 06:30:39","BMW X6 2009 года: долгая история покупки, разные ситуации в дилерских центрах  и почему язык не поворачивается называть Х6 девочкой.

Читайте новый отзыв от автовладельца: https://drom.ru/s/olg",1
7065,114660265281161_2209098192504014,"2019-04-23 07:30:12","Гибридные авто в России: какие, сколько и есть ли у них будущее?

Читайте на сайте: https://drom.ru/s/7AB",1
7064,114660265281161_2209149499165550,"2019-04-23 08:31:39","В России может появиться гибрид ОСАГО и каско

Первые подробности: https://drom.ru/s/lc0",1
7063,114660265281161_2209209582492875,"2019-04-23 09:30:15","#объявадня 
Ford Thunderbird, 1968 год 
3 300 000 ₽ 
⠀ 
Всю информацию можете найти на сайте — https://drom.ru/s/AGr",1
7062,114660265281161_2209393922474441,"2019-04-23 12:30:34","В Китае потребительница устроила сидячую забастовку в дилерском центре Mercedes-Benz прямо на капоте одного из автомобилей. История такая: девушка Ван Цянь купила Mercedes-Benz CLS на своё тридцатилетие и не успела выехать из автосалона, как двигатель дал течь масла. Она потребовала от дилера заменить автомобиль или вернуть деньги, дилер согласился лишь на замену двигателя. Ван Цянь не уступила, через несколько недель споров, пришла в автосалон, села на один из автомобилей и стала кричать на сотрудников центра. Заснятое видео моментально разлетелось по Сети. В процессе выяснилось, что менеджеры ещё и навязали девушке покупку автомобиля в кредит, не предупредив заранее, что это приводит к росту цены на $2200. Скандал дошёл до головного офиса Mercedes-Benz, компания уладила все разногласия с недовольной клиенткой, у провинившегося дилера отобрали лицензию.",1
7061,114660265281161_2210444722369361,"2019-04-24 03:40:14","Названы марки автомобилей, водители которых чаще всего нарушают правила

Смотрите список: https://drom.ru/s/fDK",1
7060,114660265281161_2210522092361624,"2019-04-24 05:04:20","Модельный ряд Mercedes-AMG получит важную особенность

Подробнее: https://drom.ru/s/Vcn",1
7059,114660265281161_2210573712356462,"2019-04-24 06:03:05","В России стареет парк легковых автомобилей

Подробнее: https://drom.ru/s/u52",1
7058,114660265281161_2210668295680337,"2019-04-24 07:49:25","Названы любимые автомобили российских чиновников

Весь список: https://drom.ru/s/DS2",1
7057,114660265281161_2210704182343415,"2019-04-24 08:31:37","Более 2 миллионов за хот-хэтч от Hyundai. Это много или мало?

Выясняем в нашем новом тест-драйве: https://drom.ru/s/YIn",1
7056,114660265281161_2210814002332433,"2019-04-24 10:30:34","Предел скорости на трассах предложили увеличить до 110 км/ч

Подробнее: https://drom.ru/s/KTT",1
7055,114660265281161_2210941305653036,"2019-04-24 12:13:22","Глава ГИБДД предложил приравнять детей к прицепам

Подробнее: https://drom.ru/s/x38",1
7054,114660265281161_2211019692311864,"2019-04-24 13:10:53","Ответственность за липовый техосмотр ужесточат

Подробнее: https://drom.ru/s/oNH",1
7053,114660265281161_2211854662228367,"2019-04-25 02:15:01","Toyota снимает с производства Mark X. Замены не будет

Подробнее: https://drom.ru/s/U5w",1
7052,114660265281161_2211968148883685,"2019-04-25 04:14:43","Первый Haval русской сборки: в каких версиях его предложат

Разбираемся: https://drom.ru/s/skb",1
7051,114660265281161_2212009695546197,"2019-04-25 05:01:28","Классический Toyota Land Cruiser J40 превратили в безумный хот-род

Смотрите видео и фото: https://drom.ru/s/eoB",1
7050,114660265281161_2212065155540651,"2019-04-25 06:02:17","Mercedes-Benz выкатил на тесты странный прототип

Подробнее: https://drom.ru/s/uhz",1
7049,114660265281161_2212118275535339,"2019-04-25 07:02:24","Skoda Octavia 2019 года: неожиданная смена Кашкай на Октавию, плюсы и минусы и итоговые впечатления спустя неделю после покупки

Читайте новый отзыв от автовладельца: https://drom.ru/s/BiD",1
7048,114660265281161_2212167615530405,"2019-04-25 08:01:41","Блог Рио Х-Лайн. Весенние будни русского корейца на службе у приморского журналиста

Читайте новый пост на сайте: https://drom.ru/s/Vq0",1
7047,114660265281161_2212217078858792,"2019-04-25 09:01:24","Mitsubishi прощается с легендарным внедорожником Pajero

Подробнее: https://drom.ru/s/p4D",1
7046,114660265281161_2213393022074531,"2019-04-26 03:51:41","Кроссовер Renault Kaptur обновился, но не подорожал

Подробнее: https://drom.ru/s/wFA",1
7045,114660265281161_2213440128736487,"2019-04-26 04:40:13","«Буханка» получила спецверсию для тяжелого бездорожья

Подробнее: https://drom.ru/s/xSU",1
7044,114660265281161_2213501558730344,"2019-04-26 05:40:10","ГИБДД готовит изменения: получить права станет сложнее

Подробнее: https://drom.ru/s/HKs",1
7043,114660265281161_2213542755392891,"2019-04-26 06:30:31","УАЗ обновил Патриот для полиции

Подробнее: https://drom.ru/s/sRj",1
7042,114660265281161_2213593188721181,"2019-04-26 07:30:21","В США полиция придумала, как отказаться от рискованных погоньъ

Подробности с видео: https://drom.ru/s/VLT",1
7041,114660265281161_2213643075382859,"2019-04-26 08:31:36","Toyota Camry 2001–2011 гг. (кузова XV30 и XV40). Принцессы на горошине

Читайте нашу новую статью: https://drom.ru/s/XlF",1
7040,114660265281161_2213698075377359,"2019-04-26 09:30:20","#объявадня 
Nissan Silvia, 1996 год 
1 000 000 ₽ 
⠀ 
Всю информацию можете найти на сайте — https://drom.ru/s/cAU",1
7039,114660265281161_2213888815358285,"2019-04-26 12:30:45","Задержанный за дебош выпал из полицейского «уазика» — это не умышленный побег, просто полицейские забыли закрыть дверцу.",1
7038,114660265281161_2215136835233483,"2019-04-27 08:36:31","Suzuki представил новый «глобальный» грузовик за 600 000 рублей

Подробнее о новинке: https://drom.ru/s/JlL",1
7037,114660265281161_2215183461895487,"2019-04-27 09:30:13","В Daimler AG удивились наличию Мерседесов и Майбахов у Ким Чен Ына

Подробнее: https://drom.ru/s/x7g",1
7036,114660265281161_2215444298536070,"2019-04-27 13:34:11","В Казани уничтожают «серые» автомобили Volkswagen

Подробнее: https://drom.ru/s/vG2",1
7035,114660265281161_2216656131748220,"2019-04-28 08:48:10","Первый тест-драйв Jeep Gladiator. Да, он нам понравился

Читайте на сайте: https://drom.ru/s/ilX",1
7034,114660265281161_2216772268403273,"2019-04-28 10:41:41","Как нам не потерять Сибирь и Дальний Восток, или Рассказ о судьбоносной поездке по военно-томской дороге

Читать: https://drom.ru/s/Lcq",1
7033,114660265281161_2216931648387335,"2019-04-28 12:57:02","Когда администрация города не способна привести дороги в нормальное состояние, в дело вступает народная инициатива. На видео Омск.",1
7032,114660265281161_2217967668283733,"2019-04-29 04:53:51","У Lada Granta изменились комплектации и цены

Подробнее: https://drom.ru/s/eg7",1
7031,114660265281161_2218025928277907,"2019-04-29 06:02:11","Honda Stepwgn 2015 года: качество, практичность и индивидуальность.

Читайте новый отзыв от автовладельца: https://drom.ru/s/E7Q",1
7030,114660265281161_2218076878272812,"2019-04-29 07:02:36","#объявадня 
Mitsubishi Pajero, 1997 год
2 000  000 ₽ 
⠀ 
Всю информацию можете найти на сайте — https://drom.ru/s/HP2",1
7029,114660265281161_2218126534934513,"2019-04-29 08:02:02","В гостях у «дяди Васи». Непредсказуемый ремонт. А как хорошо всё начиналось…

Читайте на сайте: https://drom.ru/s/frU",1
7028,114660265281161_2218214984925668,"2019-04-29 09:41:51","В России будет больше камер, фиксирующих нарушение средней скорости движения

Подробнее: https://drom.ru/s/FKD",1
7027,114660265281161_2218361481577685,"2019-04-29 12:03:00","Aurus задерживается: розничные продажи начнутся только в 2020 году

Подробнее: https://drom.ru/s/dGt",1
7026,114660265281161_2218435451570288,"2019-04-29 13:05:38","Горная дорога как аттракцион на выбывание.",1
7339,114660265281161_2219335354813631,"2019-04-30 03:14:52","В США с аукциона продали «останки» полностью сгоревшей Ferrari 90-х годов

Подробнее: https://drom.ru/s/FPl",1
7338,114660265281161_2219385731475260,"2019-04-30 04:10:10","БЕЛАЗ разработал двух «монстров» для подземных работ

Подробнее: https://drom.ru/s/BsX",1
7337,114660265281161_2219453138135186,"2019-04-30 05:10:11","Серийную версию Renault Arkana покажут в конце мая

Подробнее: https://drom.ru/s/Ewx",1
7336,114660265281161_2219505911463242,"2019-04-30 06:08:51","BMW 3-Series 2018 года: откровение в плане удовольствия от езды.

Читайте новый отзыв от автовладельца: https://drom.ru/s/et3",1
7335,114660265281161_2219548771458956,"2019-04-30 07:01:55","В строительство нового кольца вокруг Москвы придётся вложить ещё 20 млрд рублей

Подробнее: https://drom.ru/s/ieF",1
7334,114660265281161_2219596751454158,"2019-04-30 08:01:54","#объявадня 
Lexus GS300, 2006 год 
1 100 000 ₽ 
⠀ 
Всю информацию можете найти на сайте — https://drom.ru/s/12i",1
7333,114660265281161_2219646194782547,"2019-04-30 09:01:47","Кабан с рюкзаком. Тест нового Kia Soul

Читайте на сайте: https://drom.ru/s/2nI",1
7332,114660265281161_2221200774627089,"2019-05-01 09:23:12","Geely выпустил первый в мире грузовик с двигателем на метаноле

Подробнее: https://drom.ru/s/z9k",1
7331,114660265281161_2221263957954104,"2019-05-01 10:30:15","Мантуров раскрыл особенности военных кабриолетов Aurus

Подробнее: https://drom.ru/s/sSm",1
7330,114660265281161_2221329201280913,"2019-05-01 11:30:13","Mercedes-AMG откажется от заднеприводных моделей

Подробнее: https://drom.ru/s/1mB",1
7329,114660265281161_2222596831154150,"2019-05-02 07:19:48","На параде Победы покажут «Ниву»-пикап с крупнокалиберным пулемётом

Подробнее: https://drom.ru/s/0I0",1
7328,114660265281161_2222713131142520,"2019-05-02 09:32:19","Дизайнер из Германии разработал альтернативный E-Class — в стиле культового W115

Фото и видео: https://drom.ru/s/Rmq",1
7327,114660265281161_2222773361136497,"2019-05-02 10:34:58","Министр «засветил» дизайн секретного внедорожника Aurus

Все фото: https://drom.ru/s/XTa",1
7326,114660265281161_2224121441001689,"2019-05-03 06:49:59","Раскрыт интерьер Mercedes-Benz S-Class следующего поколения

Подробнее: https://drom.ru/s/o5e",1
7325,114660265281161_2224207280993105,"2019-05-03 08:21:50","Volkswagen: наши аккумуляторы смогут работать всю жизнь электромобиля

Подробнее: https://drom.ru/s/5xP",1
7324,114660265281161_2225908037489696,"2019-05-04 11:09:49","Кроссоверная версия Kia Xceed замечена во время тестов

Подробнее: https://drom.ru/s/h4n",1
7323,114660265281161_2227336560680177,"2019-05-05 07:50:50","Toyota Tundra пробежала без капитального ремонта 1,6 млн километров

Подробнее: https://drom.ru/s/ezF",1
7322,114660265281161_2227403814006785,"2019-05-05 09:02:04","У Chevrolet Camaro после обновления появилась «бюджетная» версия

Подробнее: https://drom.ru/s/1L9",1
7321,114660265281161_2227479710665862,"2019-05-05 10:19:50","Полиция Абу-Даби обзавелась арабским суперкаром Lykan

Подробнее: https://drom.ru/s/baR",1
7320,114660265281161_2227549320658901,"2019-05-05 11:20:10","Едем на Кавказ

Читайте новые заметки о путешествии: https://drom.ru/s/mus",1
7319,114660265281161_2227632497317250,"2019-05-05 12:30:25","Феноменальное по своей абсурдности ДТП произошло в Ингушетии: гаишники устроили погоню за угнанной Kia Rio, но не согласовали свои действия с другим экипажем, ехавшим в противоположном направлении. Напоминает известную сцену во французской комедии «Такси».",1
7318,114660265281161_2228838897196610,"2019-05-06 05:31:53","Лёгкие фургоны и микроавтобусы МАЗ выходят на рынок

Подробнее: https://drom.ru/s/csZ",1
7317,114660265281161_2228896703857496,"2019-05-06 06:33:32","ЗАЗ пустит имущество с молотка из-за долгов

Подробнее: https://drom.ru/s/DeE",1
7316,114660265281161_2229042653842901,"2019-05-06 09:21:32","В Новосибирске на базе Marussia создадут новый спорткар

Подробнее: https://drom.ru/s/vDO",1
7315,114660265281161_2229078623839304,"2019-05-06 10:01:06","В России упал спрос на праворульные «бэушки»

Подробнее: https://drom.ru/s/2gk",1
7314,114660265281161_2229142483832918,"2019-05-06 11:01:20","Самые безумные Кайены в истории. Лучше, чем у Porsche

Смотрите весь список: https://drom.ru/s/h3B",1
7313,114660265281161_2229237860490047,"2019-05-06 12:26:12","Названы самые популярные отечественные автомобили с пробегом

Вся десятка: https://drom.ru/s/3cG",1
7312,114660265281161_2229318180482015,"2019-05-06 13:30:16","Неудавшаяся попытка ограбления в Бразилии.",1
7311,114660265281161_2230220503725116,"2019-05-07 03:17:22","Опубликована первая фотография конкурента Porsche Panamera от BMW

Подробнее: https://drom.ru/s/e9Z",1
7310,114660265281161_2230284987052001,"2019-05-07 04:20:13","«Авторевю» провело краш-тест Lada XRAY Cross

Результаты: https://drom.ru/s/fwN",1
7309,114660265281161_2230346800379153,"2019-05-07 05:31:56","Toyota Prius 2016 года: комплектация S Touring Selection, чип-тюнинг и проблемы с дворниками.

Читайте новый отзыв от автовладельца: https://drom.ru/s/iCK",1
7308,114660265281161_2230399913707175,"2019-05-07 06:30:32","У полиции Армении появился патрульный Dodge Charger 

Подробнее: https://drom.ru/s/xYE",1
7307,114660265281161_2230451740368659,"2019-05-07 07:30:24","#объявадня 
Jeep Grand Cherokee, 2012 год 
2 450 000 ₽ 
⠀ 
Всю информацию можете найти на сайте — https://drom.ru/s/GD4",1
7306,114660265281161_2230505970363236,"2019-05-07 08:32:00","Пора продавать Ford? Или покупать?

Читайте на сайте: https://drom.ru/s/K5I",1
7305,114660265281161_2230558987024601,"2019-05-07 09:30:21","Российским дорожникам разрешат класть асфальт в мороз, снег и дождь

Подробнее: https://drom.ru/s/s7p",1
7304,114660265281161_2230616077018892,"2019-05-07 10:30:31","В небольшом американском городке Аугуста шериф спешил на вызов на патрульном Форде Краун Виктория, но забыл включить проблесковый маячок. На одном из перекрёстков такая оплошность привела к довольно нелепому ДТП. Никто серьёзно не пострадал.",1
7303,114660265281161_2231822133564953,"2019-05-08 04:18:15","УАЗ начал продажи экспедиционного Хантера

Подробнее: https://drom.ru/s/O5W",1
7302,114660265281161_2231869143560252,"2019-05-08 05:12:06","Китай разрешил вывоз подержанных автомобилей (это увеличит продажи новых)

Подробнее: https://drom.ru/s/Vu6",1
7301,114660265281161_2231944273552739,"2019-05-08 06:43:54","Toyota рассказала, сколько бы стоила Supra без участия BMW

Подробнее: https://drom.ru/s/JeH",1
7300,114660265281161_2232005503546616,"2019-05-08 07:56:45","Спорткар Tagaz Aquila протестировал Стиг из Top Gear (не шутка)

Подробнее: https://drom.ru/s/E5E",1
7299,114660265281161_2232125806867919,"2019-05-08 10:09:05","Tesla Model 3 смогла избежать столкновения благодаря автоматическому маневрированию

Смотрите видео: https://drom.ru/s/qo6",1
7298,114660265281161_2232260436854456,"2019-05-08 12:08:45","Китайцы выпустили электрический минивэн на базе старого Альфарда

Подробнее: https://drom.ru/s/wcZ",1
7297,114660265281161_2233499120063921,"2019-05-09 06:51:34","Ветеран войны с полувековым водительским стажем впервые получил права в 96 лет
 
Подробнее: https://drom.ru/s/wHY",1
7296,114660265281161_2233564480057385,"2019-05-09 08:01:47","Porsche заплатит €535 млн за махинации с дизельными двигателями

Подробнее: https://drom.ru/s/wqs",1
7295,114660265281161_2233664186714081,"2019-05-09 09:52:05","Сравниваем последний кабриолет ЗИЛ и первый кабриолет Аурус

Читайте на сайте: https://drom.ru/s/Rnz",1
7294,114660265281161_2233734633373703,"2019-05-09 11:01:25","Появились фото прототипа рестайлингового внедорожника Lexus GX

Все фото: https://drom.ru/s/3DA",1
7293,114660265281161_2235012029912630,"2019-05-10 04:07:04","FIAT Chrysler провёл конкурс среди студентов-дизайнеров: фото лучших работ

Все работы: https://drom.ru/s/wVp",1
7292,114660265281161_2235073783239788,"2019-05-10 05:10:14","Стало известно, как будет называться серийный электрокар Honda с дизайном, как у «Айфонов»

Подробнее: https://drom.ru/s/bDm",1
7291,114660265281161_2235150306565469,"2019-05-10 06:20:16","Volkswagen начал приём заказов на электромобиль ID.3

Подробнее: https://drom.ru/s/U0G",1
7290,114660265281161_2235241873222979,"2019-05-10 07:30:30","Блог Рено Каптур. Что лучше: чип-тюнинг с «механикой» или «автоматом»? 

Читайте новый пост на сайте: https://drom.ru/s/LSH",1
7289,114660265281161_2235311059882727,"2019-05-10 08:40:15","Авторадиопутешествие на Горный Алтай из Кыштыма Челябинской области

Читайте новые заметки о путешествии: https://drom.ru/s/GBe",1
7288,114660265281161_2237137196366780,"2019-05-11 08:33:15","Microsoft научит автомобили BMW разговаривать

Подробнее: https://drom.ru/s/kON",1
7287,114660265281161_2237198253027341,"2019-05-11 09:39:15","Самые продаваемые дизельные кроссоверы России: опубликован список

Смотрите по ссылке: https://drom.ru/s/i8S",1
7286,114660265281161_2237315709682262,"2019-05-11 11:22:03","Исследование: насколько действительно экологичны электромобили?

Читать: https://drom.ru/s/DwR",1
7285,114660265281161_2238905266189973,"2019-05-12 10:07:26","Nissan President 1978 года: сток против не стока.

Читайте новый отзыв от автовладельца: https://drom.ru/s/0jC",1
7284,114660265281161_2238973826183117,"2019-05-12 11:10:15","Поездка в Финляндию на электромобиле Ниссан Лиф

Читайте новые заметки о путешествии: https://drom.ru/s/6aa",1
7283,114660265281161_2240341349379698,"2019-05-13 05:51:56","Анархист. Тестируем самодельную «Ламбо» родом из СССР

Читайте на сайте: https://drom.ru/s/eiU",1
7282,114660265281161_2240402072706959,"2019-05-13 07:02:20","Узаконить тюнинг можно будет через портал госуслуг

Подробнее: https://drom.ru/s/D5H",1
7281,114660265281161_2240452652701901,"2019-05-13 08:02:03","В Японии начались тесты нового «поезда-пули». Он разгоняется до 360 км/ч

Подробнее: https://drom.ru/s/SVJ",1
7280,114660265281161_2240514499362383,"2019-05-13 09:11:45","В Белоруссии разработали новый сверхтяжелый тягач (гражданский)

Подробнее: https://drom.ru/s/iOy",1
7279,114660265281161_2240567079357125,"2019-05-13 10:10:15","Geely Atlas 2018 года: европеец с китайским акцентом.

Читайте новый отзыв от автовладельца: https://drom.ru/s/E36",1
7278,114660265281161_2240794709334362,"2019-05-13 13:27:34","Суд признал «обочечника» виновным в ДТП со встречным автомобилем

Подробнее: https://drom.ru/s/6UE",1
7277,114660265281161_2241715642575602,"2019-05-14 02:45:53","Прокуратура займется проверкой частных комплексов фотофиксации

Подробнее: https://drom.ru/s/zZ9",1
7276,114660265281161_2241778145902685,"2019-05-14 03:45:14","Mazda объявила о разработке рядных 6-цилиндровых моторов. Марка стремится в премиум

Подробнее: https://drom.ru/s/7EY",1
7275,114660265281161_2241835425896957,"2019-05-14 04:45:14","Авторынок в апреле: продолжение «чехарды» (снова минус)

Подробнее: https://drom.ru/s/Kxp",1
7274,114660265281161_2241895465890953,"2019-05-14 05:45:13","#объявадня 
Mazda RX-7, 1995 год
1 200 000 ₽ 
⠀ 
Всю информацию можете найти на сайте — https://drom.ru/s/a5D",1
7273,114660265281161_2241952059218627,"2019-05-14 06:45:15","Citroen празднует 100-летие футуристическим электрокаром с ёмкой батареей

Подробнее о новинке: https://drom.ru/s/2bz",1
7272,114660265281161_2242024892544677,"2019-05-14 08:02:32","Volkswagen работает над новым кроссовером на базе хэтчбека Polo

Подробнее: https://drom.ru/s/TOj",1
7271,114660265281161_2242080429205790,"2019-05-14 09:02:03","Заправился некачественным топливом: как понять и что делать?

Читайте на сайте: https://drom.ru/s/SKJ",1
7270,114660265281161_2243308065749693,"2019-05-15 03:05:34","Данные с датчиков ЭРА-ГЛОНАСС предложили собирать и хранить

Подробнее: https://drom.ru/s/e1W",1
7269,114660265281161_2243397229074110,"2019-05-15 04:14:03","Toyota подала в правительство РФ заявку на подписание специнвестконтракта

Подробнее: https://drom.ru/s/cV9",1
7268,114660265281161_2243455929068240,"2019-05-15 05:02:42","Минфин разрабатывает законопроект по отмене двух коэффициентов ОСАГО

Подробнее: https://drom.ru/s/fuY",1
7267,114660265281161_2243517572395409,"2019-05-15 06:03:46","Таможня зафиксировала спад импорта и шквальный рост экспорта автомобилей

Подробнее: https://drom.ru/s/dDA",1
7266,114660265281161_2243568655723634,"2019-05-15 07:03:25","Какие виды наземных парковок существуют в Японии?

Смотрите новое видео на канале Drom Fun: https://drom.ru/s/Czg",1
7265,114660265281161_2243621585718341,"2019-05-15 08:02:06","#объявадня 
BMW 6-Series, 2003 год
1 500 000 ₽ 
⠀ 
Всю информацию можете найти на сайте — https://drom.ru/s/bdK",1
7264,114660265281161_2243674442379722,"2019-05-15 09:02:50","Дума в первом чтении одобрила увеличение срока для пьяных виновников ДТП до 15 лет

Подробнее: https://drom.ru/s/SME",1
7263,114660265281161_2243733215707178,"2019-05-15 10:01:47","«Спорт» за миллион: Vesta Sport против турбо-Рапида и Toyota GT86 (б/у)

Читайте на сайте: https://drom.ru/s/qNR",1
7262,114660265281161_2245030508910782,"2019-05-16 03:09:51","Ввоз правого руля опять подорожает за счёт кратного роста стоимости СБКТС

Подробнее: https://drom.ru/s/iSq",1
7261,114660265281161_2245113692235797,"2019-05-16 04:29:12","Первый Haval русской сборки: объявлены комплектации

Подробнее: https://drom.ru/s/OP0",1
7260,114660265281161_2245179455562554,"2019-05-16 05:32:12","В Литве задержали автовоз из России, который «под прикрытием» новых авто вез вредную контрабанду (ВИДЕО)

Смотреть: https://drom.ru/s/bDa",1
7259,114660265281161_2245236915556808,"2019-05-16 06:30:40","Новые украинские полицейские разбили больше половины патрульных Приусов

Подробнее: https://drom.ru/s/epl",1
7258,114660265281161_2245351735545326,"2019-05-16 08:31:41","На «АвтоВАЗе» зафиксировали масштабное хищение запчастей

Подробнее: https://drom.ru/s/vCM",1
7257,114660265281161_2245556102191556,"2019-05-16 11:42:20","Вся правда о каршеринге — новое видео на Дром Фан

Смотреть: https://drom.ru/s/E6Y",1
7256,114660265281161_2245638372183329,"2019-05-16 12:44:21","В гостях у «дяди Васи». Какой ремонт приносит больше денег?

Читайте на сайте: https://drom.ru/s/pDl",1
7255,114660265281161_2246677658746067,"2019-05-17 03:17:53","Интерьер Volkswagen Golf раскрыт: больше никаких рендеров

Фото с подробностями: https://drom.ru/s/An3",1
7254,114660265281161_2246754742071692,"2019-05-17 04:34:02","Готовящийся к запуску российский завод Haval «благословил» губернатор Тульской области

Подробнее: https://drom.ru/s/IMu",1
7253,114660265281161_2246803045400195,"2019-05-17 05:19:52","Слишком быстрый: Ford ограничил скорость 280-сильному универсалу Focus ST нового поколения

Подробнее: https://drom.ru/s/mDs",1
7252,114660265281161_2246900992057067,"2019-05-17 07:04:30","Toyota озвучила статистику продаж автомобилей с «механикой». Цифры удивляют

Смотрите сами: https://drom.ru/s/m2c",1
7251,114660265281161_2246944952052671,"2019-05-17 07:54:43","Suzuki Jimny двух поколений (1981–2018 гг.). Маленький, да удаленький?

Читайте на сайте: https://drom.ru/s/GoF",1
7250,114660265281161_2247007915379708,"2019-05-17 09:03:04","Один из крупнейших страховщиков ОСАГО лишился лицензии

Подробнее: https://drom.ru/s/EYl",1
7249,114660265281161_2250285148385318,"2019-05-19 08:13:18","В США полиция до сих пор использует Ford Mustang 1993 года

Подробнее: https://drom.ru/s/4kX",1
7248,114660265281161_2250331438380689,"2019-05-19 09:02:34","Родстер «Крым»: жив и получит новый дизайн

Подробнее: https://drom.ru/s/4uR",1
7247,114660265281161_2250395341707632,"2019-05-19 10:01:22","Россияне выбрали 23 автомобиля 2019 года

Подробнее: https://drom.ru/s/wzG",1
7246,114660265281161_2250585801688586,"2019-05-19 12:29:47","Новые Skoda Superb и Octavia Combi лишились камуфляжа

Больше фото: https://drom.ru/s/MQW",1
7245,114660265281161_2252204294860070,"2019-05-20 11:49:44","Крутой папаша среди кроссоверов. Первый тест-драйв Kia Telluride

Читайте на сайте: https://drom.ru/s/fZr",1
7244,114660265281161_2255469691200197,"2019-05-22 10:43:13","Новая Toyota Supra получила «правильный» тюнинг от TRD. Цена, правда, кусается

Все фото: https://drom.ru/s/ZzA",1
7243,114660265281161_2255526701194496,"2019-05-22 11:30:26","Топливный союз бьёт тревогу: оптовые цены на бензин стремительно растут

Подробнее: https://drom.ru/s/Ah8",1
7242,114660265281161_2255563054524194,"2019-05-22 12:02:24","КАМАЗ сертифицировал грузовик нового поколения — с кабиной от Актроса

Подробнее: https://drom.ru/s/B9Z",1
7241,114660265281161_2255597697854063,"2019-05-22 12:30:27","ГИБДД начнёт выявлять автомобили-двойники

Подробнее: https://drom.ru/s/1Qm",1
7240,114660265281161_2256672161079950,"2019-05-23 04:01:16","Land Cruiser Prado потерял лидерство на авторынке Дальнего Востока

Подробнее: https://drom.ru/s/KCE",1
7239,114660265281161_2256730327740800,"2019-05-23 05:03:37","Toyota возродила модель Granvia

Подробнее: https://drom.ru/s/WeI",1
7238,114660265281161_2256786664401833,"2019-05-23 06:04:33","В России начались продажи Zotye T600 с заводским ГБО

Подробнее: https://drom.ru/s/rbA",1
7237,114660265281161_2258303067583526,"2019-05-24 03:40:14","Mercedes-Benz SL 500 «Волкодав»: зверь в ретрошкуре

Больше фото и история этого авто: https://drom.ru/s/cVS",1
7236,114660265281161_2258395364240963,"2019-05-24 05:09:23","В Беларуси начались продажи конкурентов ГАЗели от МАЗа

Подробнее: https://drom.ru/s/GXw",1
7235,114660265281161_2258452454235254,"2019-05-24 06:10:14","Официально: автомобили Ravon будут собирать в России

Подробнее: https://drom.ru/s/Esn",1
7234,114660265281161_2258503640896802,"2019-05-24 07:10:14","Тахографы задействуют в предрейсовом контроле

Подробнее: https://drom.ru/s/PvJ",1
7233,114660265281161_2258558407557992,"2019-05-24 08:10:15","В России объявлен массовый отзыв Ford Explorer — очень опасный дефект подвески

Подробнее: https://drom.ru/s/Tc5",1
7231,114660265281161_2260227614057738,"2019-05-25 08:45:39","Как реклама Volvo выглядит в США и в Польше: сколько отличий вы найдете и как, думаете, эта реклама будет выглядеть в России?",1
7232,114660265281161_2260227640724402,"2019-05-25 08:45:39","Как реклама Volvo выглядит в США и в Польше: сколько отличий вы найдете и как, думаете, эта реклама будет выглядеть в России?",1
7230,114660265281161_2260256050721561,"2019-05-25 09:15:11","Иногда гаишником быть не так уж и плохо...",1
7229,114660265281161_2260286950718471,"2019-05-25 09:46:11","«Народный арт-перформанс» — житель Хабаровска в знак протеста против длительного отключения воды в его доме решил устроить заплыв в строительном котловане, который раскинулся посреди дороги.",1
7228,114660265281161_2260315587382274,"2019-05-25 10:15:16","Ravon на «Дервейсе»: мы узнали модели!

Подробнее: https://drom.ru/s/pDO",1
7227,114660265281161_2260381147375718,"2019-05-25 11:15:15","ГИБДД научится автоматически выявлять «лишенцев» на дорогах

Подробнее: https://drom.ru/s/PYp",1
7226,114660265281161_2260433607370472,"2019-05-25 12:00:15","http://amp.gs/dl56 

#объявадня
Вы только посмотрите, какую машину мы нашли сегодня на «Дроме» в Краснодаре! Вопрос самым эрудированным: кто сможет назвать хотя бы марку этого пикапа? Не трудитесь вспоминать: это «Трофим 173100» производства завода «Гидропривод» из Тульской области. От обычной «Волги» его отличают не только полурамная конструкция и грузовой отсек, но и удлиненная на 40 см база и усиленные рессоры — можно брать на борт до 800 кг. Больше, чем у «ВИСов», меньше, чем у «Газелей».
И всего 200 тысяч! Берем?",1
7225,114660265281161_2260778294002670,"2019-05-25 16:00:05","А всё-таки, «Датсуны» 1960-х были немного веселее, чем «Датсуны» 2010-х…",1
7224,114660265281161_2262048777208955,"2019-05-26 09:35:10","Знаете, что такое Тройная корона автоспорта? Этой неофициальной награды удостоится человек, выигравший три легендарных гонки: Гран-При Монако, 24 часа Ле-Мана и 500 миль Индианаполиса. За всю историю автоспорта это смог сделать только один пилот — британец Грэхем Хилл. Из наших современников шанс есть только у Фернандо Алонсо — ему осталось выиграть Инди 500.

Это мы к чему: сегодня проходят и Гран-При Монако, и Инди 500. Кажется, впервые в истории две великие гонки состоятся в один день! За кого болеете?",1
7223,114660265281161_2262176463862853,"2019-05-26 11:34:00","Вдохновляющий пример помощи случайных свидетелей ДТП. В Чеховском районе Московской области мотоциклист врезался в легковушку и попал под её колеса. Инцидент произошёл 21 мая неподалёку от деревни Крюково, когда девушка, сидевшая за рулём автомобиля Kia, выехала со второстепенной дороги перед несущимся мотоциклом. Произошло столкновение, и 25-летний водитель мотоцикла попал под колёса автомобиля, продолжавшего двигаться. Свидетель происшествия, идущий с маленьким сыном на плечах, мгновенно сориентировался, опустил ребенка на землю, подбежал к машине и остановил её. Затем мужчина криками подозвал к себе прохожих, и через считаные секунды они совместными усилиями подняли машину и спасли мотоциклиста. Его отправили в больницу.",1
7222,114660265281161_2262204877193345,"2019-05-26 12:00:11","#объявадня

Самая дорогая машина на «Дроме»! Мы готовы даже немного заплатить, чтобы увидеть человека, который купит этот «Геленваген» за… 61,5 млн рублей. К сожалению, даже за такие деньги продавцы не постарались снабдить нас информацией, но по фотографиям видно, что это не банальный G500, а невероятный G-class 4х4 на портальных мостах. Да еще и в уникальном пятидверном открытом кузове!
Нравится автомобиль? Автосалон готов продать машину в кредит! Всего по 650 тысяч в месяц на пять лет при первоначальном взносе в 30 лямов ?",1
7221,114660265281161_2262568267157006,"2019-05-26 16:10:08","Как сделать так, чтобы все соблюдали дистанцию.",1
223,114660265281161_2263914087022424,"2019-05-27 11:00:21","#объявадня

https://drom.ru/s/E8Q

Чудесное транспортное средство продается в Увельском районе Челябинской области и на Drom. Зеленый броневик на шасси ГАЗ-67! Повторить выступление Ильича? Повторить подвиг Химайера? Участвовать в страйкбольных маневрах? Поразить жену до глубины души? Потратить миллион рублей самым оригинальным способом? Все это — реплика бронемашины БА-64б.
А вы посмотрите на этот шанцевый инструмент, заботливо выкрашенный в цвет кузова!",1
222,114660265281161_2264181900328976,"2019-05-27 14:14:10","«АвтоВАЗ» отзывает XRAY Cross из-за опасного дефекта рулевого управления. Завод уже разослал предписания своим дилерам. На автомобилях будут бесплатно менять промежуточный вал.

В предписании №23-19 от 24.05.19 г. «Об устранении несоответствия ЭУРУ» говорится: Срочно отозвать из эксплуатации автомобиль из списка и доставить его эвакуатором на территорию дилерского центра. При необходимости воспользоваться программой «Лада помощь на дороге». На автомобиле необходимо провести работы по замене вала промежуточного. Информация о доставке вала промежуточного и оформлению АГО будет сообщена дополнительно».

«Пожарная» риторика письма недвусмысленно указывает на серьёзные последствия дефекта — машина попросту может внезапно стать неуправляемой.",1
221,114660265281161_2264350750312091,"2019-05-27 16:01:01","Чтобы выделиться на дороге, не обязательно покупать красный спорткар ?",1
220,114660265281161_2264512233629276,"2019-05-27 18:01:16","MG Metro 6R4 — это полный привод, среднемоторная компоновка и до 700 лошадиных сил! Если бы «Группу Б» не запретили в 1987-м, он бы и сегодня мог надрать зад немцам и итальянцам.",1
219,114660265281161_2265411540206012,"2019-05-28 07:57:34","#объявадня

https://drom.ru/s/1i2

Mustang 1968 в идеальном состоянии подходит для ежедневной езды. Про машину можно не говорить — многие из нас мечтают о «Мустанге» ? В этом объявлении интереснее всего комментарии: «Предлагаю обмен Вашего авто на щебень фракции 0-20 в количестве 300 тысяч тонн». Обязательно почитайте — там еще много веселого ?",1
218,114660265281161_2265609706852862,"2019-05-28 11:15:13","Нам кажется, или в последнее время таксисты совсем страх потеряли?",1
217,114660265281161_2265824966831336,"2019-05-28 14:09:09","Пусть тот, кому кажется, что Tiguan будет плохо выглядеть с антикрылом, первый бросит в нас камень! Встреча GTI-фанов на Вёртер-Зе продолжает радовать нас сочными фотографиями.
«Тигуаны» на «Дроме»: https://drom.ru/s/u2h",1
216,114660265281161_2266988753381624,"2019-05-29 07:31:33","В сети появились фотографии Kia Xceed, кроссоверной версии семейства Ceed.

По фотографиям видно, что у кроссовера по сравнению с хэтчбеком другие передний бампер, капот, решётка радиатора, головная оптика и противотуманные фары, появились рейлинги на крыше, а вот зеркала, судя по всему, у кроссовера и хэтчбека идентичные.

Также видно, что у Xceed другая подоконная линия, разнятся и стойки крыши, задняя дверь, фонари, стёкла, присутствует накладка под бампером в форме псевдодиффузора, в которую вмонтированы патрубки выхлопной системы.

Технические характеристики Xceed пока держатся в секрете, но, скорее всего, гамма двигателей вряд ли будет отличаться от остальных модификаций Ceed.",1
215,114660265281161_2267102026703630,"2019-05-29 09:26:42","Какой техники в армии ?? больше всего: танков, самолетов, катеров, БТР? Нет! Самая распространенная в войсках техника — автомобили. 
Кто служил водителем — шаг вперед!

Сегодня — День военного автомобилиста. Поздравляем всех причастных!",1
214,114660265281161_2267073340039832,"2019-05-29 10:20:00","#объявадня

https://drom.ru/s/lfp

Крутейший кастом на «Дроме»: ГАЗ-53 “Redneck” продается в Тюмени за полтора миллиона рублей. Это первый автомобильный проект мотомастерской Ferrum Art Customs: рама «Газели», кабина от грузовика, «тойотовский» V8. Говорят, едет великолепно. А уж как выглядит!",1
213,114660265281161_2267341860012980,"2019-05-29 13:01:01","А если нет разницы, то зачем платить больше? ?",1
212,114660265281161_2267480629999103,"2019-05-29 15:10:00","Что интересного произошло в автомобильном мире сегодня, 29 мая?
? Вслед за обычной 1-Series показали и BMW X1. Ноздри стали еще больше: https://drom.ru/s/ptQ
? Подъехали шпионские фотки новой «Октавии». Симпатично: https://drom.ru/s/i67
? Гаишники хотят изменить штрафы. Не подумайте, что речь про снижение: https://drom.ru/s/B0Q
? И еще одна интересная новость: сразу много компаний жалуются в ФСБ на суды Краснодара. Жара: https://drom.ru/s/cg0",1
211,114660265281161_2268548523225647,"2019-05-30 06:30:24","1 июля 2019 должен был вступить в действие ГОСТ 33670-2015, регламентирующий методы экспертизы и сертификационных испытаний так называемых единичных транспортных средств. То есть, тех, что ввозятся в Россию и другие страны Евразийского экономического союза (ЕАЭС) частным образом. Прежде всего это относится к автомобилям с правым расположением руля.

По нашей информации, полученной от источника в Минпромторге, срок введения новых правил сертификации «единичных» автомобилей переносится как минимум на год, в значительной степени из-за неготовности соответствующей инфраструктуры на Дальнем Востоке РФ.

Подробнее об изменениях — https://drom.ru/s/s1q",1
210,114660265281161_2268607563219743,"2019-05-30 07:30:16","Hyundai Tucson 2018 года: впечатления после года владения, чего не хватает в динамике и почему этот автомобиль не подойдёт крупным людям.

Читайте новый отзыв от автовладельца: https://drom.ru/s/sT7",1
209,114660265281161_2268655139881652,"2019-05-30 08:21:08","#объявадня

https://drom.ru/s/iyO

Продающийся в Геленджике Qingli — электрический квадрицикл (не путать с квадроциклом!). «Имеются два зеркала заднего вида и цифровой радиоприемник», — хвастается владелец. 
Позволим себе немного поправить автора объявления: 
во-первых, современные аккумуляторы содержат гель, а не гелий, а потому называются гелевыми (не гелиевыми! ?); 
во-вторых, для управления таким квадрициклом нужна категория «В1» и возраст 18 лет, а вовсе не «М»!",1
208,114660265281161_2268869643193535,"2019-05-30 11:32:59","На автомобилях JLR будет самовключающийся подогрев руля. Теперь у владельцев «Ягуаров» и «Рейнжей» будет подгорать сразу в нескольких местах ?
Подробнее: https://drom.ru/s/fCr",1
207,114660265281161_2269035343176965,"2019-05-30 13:33:08","Друзья, мы тут нашли красивую фотографию, но никак не можем узнать автомобиль. Что это: Honda Legend или Peugeot 607? Ммм… Chevrolet Malibu? В общем, ваши варианты в комментарии! Не забываем правильно называть не только марку, но и модель и номер кузова!",1
206,114660265281161_2269177293162770,"2019-05-30 15:18:17","Что интересного произошло в автомобильном мире сегодня, 30 мая?
? Ferrari SF90 Stradale: полный привод и 1000 «сил»: https://drom.ru/s/kYI
? Granta-автодом: https://drom.ru/s/ogq
? Mazda6-кабриолет: https://drom.ru/s/1N4
? МАЗ-фургончик: https://drom.ru/s/tUs
? Одобрен закон о фотофиксации ТО: https://drom.ru/s/ghA",1
205,114660265281161_2269393786474454,"2019-05-30 18:00:29","«Путешествовать на авто по России — круто», — говорили они... «Федеральные трассы», — говорили они...",1
